{
  "model": "hamster:gun/lugerp08_artillerie_geo",
  "texture": "hamster:gun/uv/lugerp08_artillerie",
  "lod": {
    "model": "hamster:gun/lod/lugerp08_artillerie",
    "texture": "hamster:gun/lod/lugerp08_artillerie"
  },
  "hud": "hamster:gun/hud/lugerp08_artillerie",
  "slot": "hamster:gun/slot/lugerp08_artillerie",
  "animation": "hamster:lugerp08_artillerie",
  "use_default_animation": "rifle",
  "third_person_animation": "default",
  "transform": {
    "scale": {
      "thirdperson": [0.6, 0.6, 0.6],
      "ground": [0.6, 0.6, 0.6],
      "fixed": [1.2, 1.2, 1.2]
    }
  },
  "muzzle_flash": {
    "texture": "tacz:flash/common_muzzle_flash",
    "scale": 1
  },
  "iron_zoom": 1.5,
  "sounds": {
    "shoot": "hamster:p08/p08_shoot",
    "shoot_3p": "hamster:p08/p08_shoot"
  },
  "offhand_show": {
    "pos": [4, 13, -1],
    "rotate": [-90, -35, 90],
    "scale": [0.5, 0.5, 0.5]
  },
  "hotbar_show": {
    "0": {
      "pos": [0, 20, 3],
      "rotate": [-180, 0, 120],
      "scale": [0.5, 0.5, 0.5]
    }
  }
}