{
	"format_version": "1.12.0",
	"minecraft:geometry": [
		{
			"description": {
				"identifier": "geometry.unknown",
				"texture_width": 256,
				"texture_height": 256,
				"visible_bounds_width": 20,
				"visible_bounds_height": 1.5,
				"visible_bounds_offset": [0, 0.25, 0]
			},
			"bones": [
				{
					"name": "emx_tac_grip",
					"pivot": [-0.36601, -0.26388, 0.75002]
				},
				{
					"name": "bone10",
					"parent": "emx_tac_grip",
					"pivot": [0, -6.5, 11],
					"cubes": [
						{
							"origin": [-0.35937, -0.53125, -0.96875],
							"size": [0.71875, 0.26563, 1.71875],
							"uv": {
								"north": {"uv": [15.5, 8], "uv_size": [-0.5, 0.5]},
								"east": {"uv": [7, 5], "uv_size": [1.5, 0.5]},
								"south": {"uv": [9, 15], "uv_size": [0.5, 0.5]},
								"west": {"uv": [6, 7], "uv_size": [1.5, 0.5]},
								"up": {"uv": [4, 8], "uv_size": [0.5, 1.5]},
								"down": {"uv": [5, 9.5], "uv_size": [0.5, -1.5]}
							}
						},
						{
							"origin": [0.30728, -0.49509, -0.03281],
							"size": [0.06875, 0.21031, 0.89375],
							"uv": {
								"west": {"uv": [76.53125, 103], "uv_size": [-43.53125, 10.5]}
							}
						},
						{
							"origin": [-0.37603, -0.49509, -0.03281],
							"size": [0.06875, 0.21031, 0.89375],
							"uv": {
								"east": {"uv": [33, 103], "uv_size": [43.53125, 10.5]}
							}
						},
						{
							"origin": [0.09888, -0.46294, -0.86719],
							"size": [0.28125, 0.13907, 0.66875],
							"uv": {
								"west": {"uv": [88, 158.5], "uv_size": [42.03125, 9]}
							}
						},
						{
							"origin": [-0.35937, -0.26562, -0.96875],
							"size": [0.71875, 0.25, 1.71875],
							"uv": {
								"north": {"uv": [15, 9], "uv_size": [0.5, 0.5]},
								"east": {"uv": [6, 8], "uv_size": [1.5, 0.5]},
								"south": {"uv": [10, 15], "uv_size": [0.5, 0.5]},
								"west": {"uv": [8, 6], "uv_size": [1.5, 0.5]},
								"up": {"uv": [8, 7], "uv_size": [0.5, 1.5]},
								"down": {"uv": [9, 5.5], "uv_size": [0.5, -1.5]}
							}
						},
						{
							"origin": [-0.321, -0.40226, -0.99375],
							"size": [0.048, 0.07953, 0.03962],
							"uv": {
								"north": {"uv": [15, 10], "uv_size": [0.5, 0.5]},
								"east": {"uv": [11, 15], "uv_size": [0.5, 0.5]},
								"south": {"uv": [15, 11], "uv_size": [0.5, 0.5]},
								"west": {"uv": [12, 15], "uv_size": [0.5, 0.5]},
								"up": {"uv": [15, 12], "uv_size": [0.5, 0.5]},
								"down": {"uv": [13, 15.5], "uv_size": [0.5, -0.5]}
							}
						},
						{
							"origin": [-0.321, -0.40226, -0.99375],
							"size": [0.048, 0.07953, 0.03962],
							"pivot": [-0.225, -0.3625, -0.96612],
							"rotation": [0, 0, 45],
							"uv": {
								"north": {"uv": [15, 13], "uv_size": [0.5, 0.5]},
								"east": {"uv": [14, 15], "uv_size": [0.5, 0.5]},
								"south": {"uv": [15, 14], "uv_size": [0.5, 0.5]},
								"west": {"uv": [15, 15], "uv_size": [0.5, 0.5]},
								"up": {"uv": [4, 16], "uv_size": [0.5, 0.5]},
								"down": {"uv": [16, 4.5], "uv_size": [0.5, -0.5]}
							}
						},
						{
							"origin": [-0.177, -0.40226, -0.99375],
							"size": [0.048, 0.07953, 0.03962],
							"uv": {
								"north": {"uv": [5, 16], "uv_size": [0.5, 0.5]},
								"east": {"uv": [16, 5], "uv_size": [0.5, 0.5]},
								"south": {"uv": [6, 16], "uv_size": [0.5, 0.5]},
								"west": {"uv": [16, 6], "uv_size": [0.5, 0.5]},
								"up": {"uv": [7, 16], "uv_size": [0.5, 0.5]},
								"down": {"uv": [16, 7.5], "uv_size": [0.5, -0.5]}
							}
						},
						{
							"origin": [-0.177, -0.40226, -0.99375],
							"size": [0.048, 0.07953, 0.03962],
							"pivot": [-0.225, -0.3625, -0.96612],
							"rotation": [0, 0, 45],
							"uv": {
								"north": {"uv": [8, 16], "uv_size": [0.5, 0.5]},
								"east": {"uv": [16, 8], "uv_size": [0.5, 0.5]},
								"south": {"uv": [9, 16], "uv_size": [0.5, 0.5]},
								"west": {"uv": [16, 9], "uv_size": [0.5, 0.5]},
								"up": {"uv": [10, 16], "uv_size": [0.5, 0.5]},
								"down": {"uv": [16, 10.5], "uv_size": [0.5, -0.5]}
							}
						},
						{
							"origin": [-0.26476, -0.3145, -0.99375],
							"size": [0.07953, 0.048, 0.03962],
							"uv": {
								"north": {"uv": [11, 16], "uv_size": [0.5, 0.5]},
								"east": {"uv": [16, 11], "uv_size": [0.5, 0.5]},
								"south": {"uv": [12, 16], "uv_size": [0.5, 0.5]},
								"west": {"uv": [16, 12], "uv_size": [0.5, 0.5]},
								"up": {"uv": [13, 16], "uv_size": [0.5, 0.5]},
								"down": {"uv": [16, 13.5], "uv_size": [0.5, -0.5]}
							}
						},
						{
							"origin": [-0.26476, -0.3145, -0.99375],
							"size": [0.07953, 0.048, 0.03962],
							"pivot": [-0.225, -0.3625, -0.96612],
							"rotation": [0, 0, 45],
							"uv": {
								"north": {"uv": [14, 16], "uv_size": [0.5, 0.5]},
								"east": {"uv": [16, 14], "uv_size": [0.5, 0.5]},
								"south": {"uv": [15, 16], "uv_size": [0.5, 0.5]},
								"west": {"uv": [16, 15], "uv_size": [0.5, 0.5]},
								"up": {"uv": [16, 16], "uv_size": [0.5, 0.5]},
								"down": {"uv": [4, 17.5], "uv_size": [0.5, -0.5]}
							}
						},
						{
							"origin": [-0.26476, -0.4585, -0.99375],
							"size": [0.07953, 0.048, 0.03962],
							"uv": {
								"north": {"uv": [17, 4], "uv_size": [0.5, 0.5]},
								"east": {"uv": [5, 17], "uv_size": [0.5, 0.5]},
								"south": {"uv": [17, 5], "uv_size": [0.5, 0.5]},
								"west": {"uv": [6, 17], "uv_size": [0.5, 0.5]},
								"up": {"uv": [17, 6], "uv_size": [0.5, 0.5]},
								"down": {"uv": [7, 17.5], "uv_size": [0.5, -0.5]}
							}
						},
						{
							"origin": [-0.26476, -0.4585, -0.99375],
							"size": [0.07953, 0.048, 0.03962],
							"pivot": [-0.225, -0.3625, -0.96612],
							"rotation": [0, 0, 45],
							"uv": {
								"north": {"uv": [17, 7], "uv_size": [0.5, 0.5]},
								"east": {"uv": [8, 17], "uv_size": [0.5, 0.5]},
								"south": {"uv": [17, 8], "uv_size": [0.5, 0.5]},
								"west": {"uv": [9, 17], "uv_size": [0.5, 0.5]},
								"up": {"uv": [17, 9], "uv_size": [0.5, 0.5]},
								"down": {"uv": [10, 17.5], "uv_size": [0.5, -0.5]}
							}
						},
						{
							"origin": [0.18524, -0.3145, -0.99375],
							"size": [0.07953, 0.048, 0.03962],
							"uv": {
								"north": {"uv": [23, 15], "uv_size": [0.5, 0.5]},
								"east": {"uv": [16, 23], "uv_size": [0.5, 0.5]},
								"south": {"uv": [23, 16], "uv_size": [0.5, 0.5]},
								"west": {"uv": [17, 23], "uv_size": [0.5, 0.5]},
								"up": {"uv": [23, 17], "uv_size": [0.5, 0.5]},
								"down": {"uv": [18, 23.5], "uv_size": [0.5, -0.5]}
							}
						},
						{
							"origin": [0.18524, -0.3145, -0.99375],
							"size": [0.07953, 0.048, 0.03962],
							"pivot": [0.225, -0.3625, -0.96612],
							"rotation": [0, 0, 45],
							"uv": {
								"north": {"uv": [23, 12], "uv_size": [0.5, 0.5]},
								"east": {"uv": [13, 23], "uv_size": [0.5, 0.5]},
								"south": {"uv": [23, 13], "uv_size": [0.5, 0.5]},
								"west": {"uv": [14, 23], "uv_size": [0.5, 0.5]},
								"up": {"uv": [23, 14], "uv_size": [0.5, 0.5]},
								"down": {"uv": [15, 23.5], "uv_size": [0.5, -0.5]}
							}
						},
						{
							"origin": [0.273, -0.40226, -0.99375],
							"size": [0.048, 0.07953, 0.03962],
							"uv": {
								"north": {"uv": [23, 9], "uv_size": [0.5, 0.5]},
								"east": {"uv": [10, 23], "uv_size": [0.5, 0.5]},
								"south": {"uv": [23, 10], "uv_size": [0.5, 0.5]},
								"west": {"uv": [11, 23], "uv_size": [0.5, 0.5]},
								"up": {"uv": [23, 11], "uv_size": [0.5, 0.5]},
								"down": {"uv": [12, 23.5], "uv_size": [0.5, -0.5]}
							}
						},
						{
							"origin": [0.273, -0.40226, -0.99375],
							"size": [0.048, 0.07953, 0.03962],
							"pivot": [0.225, -0.3625, -0.96612],
							"rotation": [0, 0, 45],
							"uv": {
								"north": {"uv": [23, 6], "uv_size": [0.5, 0.5]},
								"east": {"uv": [7, 23], "uv_size": [0.5, 0.5]},
								"south": {"uv": [23, 7], "uv_size": [0.5, 0.5]},
								"west": {"uv": [8, 23], "uv_size": [0.5, 0.5]},
								"up": {"uv": [23, 8], "uv_size": [0.5, 0.5]},
								"down": {"uv": [9, 23.5], "uv_size": [0.5, -0.5]}
							}
						},
						{
							"origin": [0.18524, -0.4585, -0.99375],
							"size": [0.07953, 0.048, 0.03962],
							"uv": {
								"north": {"uv": [22, 22], "uv_size": [0.5, 0.5]},
								"east": {"uv": [4, 23], "uv_size": [0.5, 0.5]},
								"south": {"uv": [23, 4], "uv_size": [0.5, 0.5]},
								"west": {"uv": [5, 23], "uv_size": [0.5, 0.5]},
								"up": {"uv": [23, 5], "uv_size": [0.5, 0.5]},
								"down": {"uv": [6, 23.5], "uv_size": [0.5, -0.5]}
							}
						},
						{
							"origin": [0.18524, -0.4585, -0.99375],
							"size": [0.07953, 0.048, 0.03962],
							"pivot": [0.225, -0.3625, -0.96612],
							"rotation": [0, 0, 45],
							"uv": {
								"north": {"uv": [19, 22], "uv_size": [0.5, 0.5]},
								"east": {"uv": [22, 19], "uv_size": [0.5, 0.5]},
								"south": {"uv": [20, 22], "uv_size": [0.5, 0.5]},
								"west": {"uv": [22, 20], "uv_size": [0.5, 0.5]},
								"up": {"uv": [21, 22], "uv_size": [0.5, 0.5]},
								"down": {"uv": [22, 21.5], "uv_size": [0.5, -0.5]}
							}
						},
						{
							"origin": [0.129, -0.40226, -0.99375],
							"size": [0.048, 0.07953, 0.03962],
							"pivot": [0.225, -0.3625, -0.96612],
							"rotation": [0, 0, 45],
							"uv": {
								"north": {"uv": [16, 22], "uv_size": [0.5, 0.5]},
								"east": {"uv": [22, 16], "uv_size": [0.5, 0.5]},
								"south": {"uv": [17, 22], "uv_size": [0.5, 0.5]},
								"west": {"uv": [22, 17], "uv_size": [0.5, 0.5]},
								"up": {"uv": [18, 22], "uv_size": [0.5, 0.5]},
								"down": {"uv": [22, 18.5], "uv_size": [0.5, -0.5]}
							}
						},
						{
							"origin": [0.129, -0.40226, -0.99375],
							"size": [0.048, 0.07953, 0.03962],
							"uv": {
								"north": {"uv": [13, 22], "uv_size": [0.5, 0.5]},
								"east": {"uv": [22, 13], "uv_size": [0.5, 0.5]},
								"south": {"uv": [14, 22], "uv_size": [0.5, 0.5]},
								"west": {"uv": [22, 14], "uv_size": [0.5, 0.5]},
								"up": {"uv": [15, 22], "uv_size": [0.5, 0.5]},
								"down": {"uv": [22, 15.5], "uv_size": [0.5, -0.5]}
							}
						},
						{
							"origin": [-0.35937, -0.53125, 0.75],
							"size": [0.71875, 0.39063, 0.25],
							"uv": {
								"north": {"uv": [17, 10], "uv_size": [0.5, 0.5]},
								"east": {"uv": [11, 17], "uv_size": [0.5, 0.5]},
								"south": {"uv": [17, 11], "uv_size": [0.5, 0.5]},
								"west": {"uv": [12, 17], "uv_size": [0.5, 0.5]},
								"up": {"uv": [17, 12], "uv_size": [0.5, 0.5]},
								"down": {"uv": [13, 17.5], "uv_size": [0.5, -0.5]}
							}
						},
						{
							"origin": [0.35938, -0.5, 0.89063],
							"size": [0.0625, 0.23438, 0.59375],
							"uv": {
								"north": {"uv": [17, 13], "uv_size": [0.5, 0.5]},
								"east": {"uv": [14, 17], "uv_size": [0.5, 0.5]},
								"south": {"uv": [17, 14], "uv_size": [0.5, 0.5]},
								"west": {"uv": [57, 100], "uv_size": [10, 1.5]},
								"up": {"uv": [17, 15], "uv_size": [0.5, 0.5]},
								"down": {"uv": [16, 17.5], "uv_size": [0.5, -0.5]}
							}
						},
						{
							"origin": [0.42188, -0.5, 0.89063],
							"size": [0.01563, 0.23438, 0.07813],
							"uv": {
								"north": {"uv": [17, 16], "uv_size": [0.5, 0.5]},
								"east": {"uv": [17, 17], "uv_size": [0.5, 0.5]},
								"south": {"uv": [4, 18], "uv_size": [0.5, 0.5]},
								"west": {"uv": [18, 4], "uv_size": [0.5, 0.5]},
								"up": {"uv": [5, 18], "uv_size": [0.5, 0.5]},
								"down": {"uv": [18, 5.5], "uv_size": [0.5, -0.5]}
							}
						},
						{
							"origin": [0.42188, -0.5, 1.01563],
							"size": [0.01563, 0.23438, 0.07813],
							"uv": {
								"north": {"uv": [6, 18], "uv_size": [0.5, 0.5]},
								"east": {"uv": [18, 6], "uv_size": [0.5, 0.5]},
								"south": {"uv": [7, 18], "uv_size": [0.5, 0.5]},
								"west": {"uv": [18, 7], "uv_size": [0.5, 0.5]},
								"up": {"uv": [8, 18], "uv_size": [0.5, 0.5]},
								"down": {"uv": [18, 8.5], "uv_size": [0.5, -0.5]}
							}
						},
						{
							"origin": [0.42188, -0.5, 1.14063],
							"size": [0.01563, 0.23438, 0.07813],
							"uv": {
								"north": {"uv": [9, 18], "uv_size": [0.5, 0.5]},
								"east": {"uv": [18, 9], "uv_size": [0.5, 0.5]},
								"south": {"uv": [10, 18], "uv_size": [0.5, 0.5]},
								"west": {"uv": [18, 10], "uv_size": [0.5, 0.5]},
								"up": {"uv": [11, 18], "uv_size": [0.5, 0.5]},
								"down": {"uv": [18, 11.5], "uv_size": [0.5, -0.5]}
							}
						},
						{
							"origin": [0.42188, -0.5, 1.26563],
							"size": [0.01563, 0.23438, 0.07813],
							"uv": {
								"north": {"uv": [12, 18], "uv_size": [0.5, 0.5]},
								"east": {"uv": [18, 12], "uv_size": [0.5, 0.5]},
								"south": {"uv": [13, 18], "uv_size": [0.5, 0.5]},
								"west": {"uv": [18, 13], "uv_size": [0.5, 0.5]},
								"up": {"uv": [14, 18], "uv_size": [0.5, 0.5]},
								"down": {"uv": [18, 14.5], "uv_size": [0.5, -0.5]}
							}
						},
						{
							"origin": [0.42188, -0.5, 1.39063],
							"size": [0.01563, 0.23438, 0.07813],
							"uv": {
								"north": {"uv": [15, 18], "uv_size": [0.5, 0.5]},
								"east": {"uv": [18, 15], "uv_size": [0.5, 0.5]},
								"south": {"uv": [16, 18], "uv_size": [0.5, 0.5]},
								"west": {"uv": [18, 16], "uv_size": [0.5, 0.5]},
								"up": {"uv": [17, 18], "uv_size": [0.5, 0.5]},
								"down": {"uv": [18, 17.5], "uv_size": [0.5, -0.5]}
							}
						},
						{
							"origin": [-0.42187, -0.5, 0.89063],
							"size": [0.0625, 0.23438, 0.59375],
							"uv": {
								"north": {"uv": [18, 18], "uv_size": [0.5, 0.5]},
								"east": {"uv": [54, 100], "uv_size": [10, 1.5]},
								"south": {"uv": [19, 4], "uv_size": [0.5, 0.5]},
								"west": {"uv": [5, 19], "uv_size": [0.5, 0.5]},
								"up": {"uv": [19, 5], "uv_size": [0.5, 0.5]},
								"down": {"uv": [6, 19.5], "uv_size": [0.5, -0.5]}
							}
						},
						{
							"origin": [-0.4375, -0.5, 0.89063],
							"size": [0.01563, 0.23438, 0.07813],
							"uv": {
								"north": {"uv": [19, 6], "uv_size": [0.5, 0.5]},
								"east": {"uv": [7, 19], "uv_size": [0.5, 0.5]},
								"south": {"uv": [19, 7], "uv_size": [0.5, 0.5]},
								"west": {"uv": [8, 19], "uv_size": [0.5, 0.5]},
								"up": {"uv": [19, 8], "uv_size": [0.5, 0.5]},
								"down": {"uv": [9, 19.5], "uv_size": [0.5, -0.5]}
							}
						},
						{
							"origin": [-0.4375, -0.5, 1.01563],
							"size": [0.01563, 0.23438, 0.07813],
							"uv": {
								"north": {"uv": [19, 9], "uv_size": [0.5, 0.5]},
								"east": {"uv": [10, 19], "uv_size": [0.5, 0.5]},
								"south": {"uv": [19, 10], "uv_size": [0.5, 0.5]},
								"west": {"uv": [11, 19], "uv_size": [0.5, 0.5]},
								"up": {"uv": [19, 11], "uv_size": [0.5, 0.5]},
								"down": {"uv": [12, 19.5], "uv_size": [0.5, -0.5]}
							}
						},
						{
							"origin": [-0.4375, -0.5, 1.14063],
							"size": [0.01563, 0.23438, 0.07813],
							"uv": {
								"north": {"uv": [19, 12], "uv_size": [0.5, 0.5]},
								"east": {"uv": [13, 19], "uv_size": [0.5, 0.5]},
								"south": {"uv": [19, 13], "uv_size": [0.5, 0.5]},
								"west": {"uv": [14, 19], "uv_size": [0.5, 0.5]},
								"up": {"uv": [19, 14], "uv_size": [0.5, 0.5]},
								"down": {"uv": [15, 19.5], "uv_size": [0.5, -0.5]}
							}
						},
						{
							"origin": [-0.4375, -0.5, 1.26563],
							"size": [0.01563, 0.23438, 0.07813],
							"uv": {
								"north": {"uv": [19, 15], "uv_size": [0.5, 0.5]},
								"east": {"uv": [16, 19], "uv_size": [0.5, 0.5]},
								"south": {"uv": [19, 16], "uv_size": [0.5, 0.5]},
								"west": {"uv": [17, 19], "uv_size": [0.5, 0.5]},
								"up": {"uv": [19, 17], "uv_size": [0.5, 0.5]},
								"down": {"uv": [18, 19.5], "uv_size": [0.5, -0.5]}
							}
						},
						{
							"origin": [-0.4375, -0.5, 1.39063],
							"size": [0.01563, 0.23438, 0.07813],
							"uv": {
								"north": {"uv": [19, 18], "uv_size": [0.5, 0.5]},
								"east": {"uv": [19, 19], "uv_size": [0.5, 0.5]},
								"south": {"uv": [4, 20], "uv_size": [0.5, 0.5]},
								"west": {"uv": [20, 4], "uv_size": [0.5, 0.5]},
								"up": {"uv": [5, 20], "uv_size": [0.5, 0.5]},
								"down": {"uv": [20, 5.5], "uv_size": [0.5, -0.5]}
							}
						},
						{
							"origin": [0.34375, -0.0625, -0.75],
							"size": [0.23438, 0.3125, 1.5],
							"uv": {
								"north": {"uv": [6, 20], "uv_size": [0.5, 0.5]},
								"east": {"uv": [6, 9], "uv_size": [1.5, 0.5]},
								"south": {"uv": [20, 6], "uv_size": [0.5, 0.5]},
								"west": {"uv": [9, 7], "uv_size": [1.5, 0.5]},
								"up": {"uv": [8, 9], "uv_size": [0.5, 1.5]},
								"down": {"uv": [9, 9.5], "uv_size": [0.5, -1.5]}
							}
						},
						{
							"origin": [-0.60715, -0.26179, 0.28029],
							"size": [1.21429, 0.08239, 0.19892],
							"pivot": [0.01635, 0.23438, -0.16227],
							"rotation": [22.5, 0, 0],
							"uv": {
								"north": {"uv": [12, 9], "uv_size": [1, 0.5]},
								"east": {"uv": [7, 20], "uv_size": [0.5, 0.5]},
								"south": {"uv": [11, 12], "uv_size": [1, 0.5]},
								"west": {"uv": [20, 7], "uv_size": [0.5, 0.5]},
								"up": {"uv": [12, 11], "uv_size": [1, 0.5]},
								"down": {"uv": [12, 12.5], "uv_size": [1, -0.5]}
							}
						},
						{
							"origin": [-0.60715, 0.25473, 0.44325],
							"size": [1.21429, 0.08239, 0.19892],
							"pivot": [0.01635, 0.23438, -0.16227],
							"rotation": [-22.5, 0, 0],
							"uv": {
								"north": {"uv": [4, 13], "uv_size": [1, 0.5]},
								"east": {"uv": [8, 20], "uv_size": [0.5, 0.5]},
								"south": {"uv": [5, 13], "uv_size": [1, 0.5]},
								"west": {"uv": [20, 8], "uv_size": [0.5, 0.5]},
								"up": {"uv": [13, 5], "uv_size": [1, 0.5]},
								"down": {"uv": [13, 6.5], "uv_size": [1, -0.5]}
							}
						},
						{
							"origin": [-0.60715, -0.32005, 0.33855],
							"size": [1.21429, 0.19892, 0.08239],
							"pivot": [0.01635, 0.23438, -0.16227],
							"rotation": [22.5, 0, 0],
							"uv": {
								"north": {"uv": [7, 13], "uv_size": [1, 0.5]},
								"east": {"uv": [9, 20], "uv_size": [0.5, 0.5]},
								"south": {"uv": [13, 7], "uv_size": [1, 0.5]},
								"west": {"uv": [20, 9], "uv_size": [0.5, 0.5]},
								"up": {"uv": [8, 13], "uv_size": [1, 0.5]},
								"down": {"uv": [13, 9.5], "uv_size": [1, -0.5]}
							}
						},
						{
							"origin": [-0.60715, 0.19646, 0.50151],
							"size": [1.21429, 0.19892, 0.08239],
							"pivot": [0.01635, 0.23438, -0.16227],
							"rotation": [-22.5, 0, 0],
							"uv": {
								"north": {"uv": [13, 10], "uv_size": [1, 0.5]},
								"east": {"uv": [10, 20], "uv_size": [0.5, 0.5]},
								"south": {"uv": [11, 13], "uv_size": [1, 0.5]},
								"west": {"uv": [20, 10], "uv_size": [0.5, 0.5]},
								"up": {"uv": [13, 11], "uv_size": [1, 0.5]},
								"down": {"uv": [12, 13.5], "uv_size": [1, -0.5]}
							}
						},
						{
							"origin": [-0.60715, 0.25473, -0.68175],
							"size": [1.21429, 0.08239, 0.19892],
							"pivot": [0.01635, 0.23438, -1.28727],
							"rotation": [-22.5, 0, 0],
							"uv": {
								"north": {"uv": [13, 12], "uv_size": [1, 0.5]},
								"east": {"uv": [11, 20], "uv_size": [0.5, 0.5]},
								"south": {"uv": [13, 13], "uv_size": [1, 0.5]},
								"west": {"uv": [20, 11], "uv_size": [0.5, 0.5]},
								"up": {"uv": [4, 14], "uv_size": [1, 0.5]},
								"down": {"uv": [14, 4.5], "uv_size": [1, -0.5]}
							}
						},
						{
							"origin": [-0.60715, -0.26179, -0.84471],
							"size": [1.21429, 0.08239, 0.19892],
							"pivot": [0.01635, 0.23438, -1.28727],
							"rotation": [22.5, 0, 0],
							"uv": {
								"north": {"uv": [5, 14], "uv_size": [1, 0.5]},
								"east": {"uv": [12, 20], "uv_size": [0.5, 0.5]},
								"south": {"uv": [14, 5], "uv_size": [1, 0.5]},
								"west": {"uv": [20, 12], "uv_size": [0.5, 0.5]},
								"up": {"uv": [6, 14], "uv_size": [1, 0.5]},
								"down": {"uv": [14, 6.5], "uv_size": [1, -0.5]}
							}
						},
						{
							"origin": [-0.60715, 0.19646, -0.62349],
							"size": [1.21429, 0.19892, 0.08239],
							"pivot": [0.01635, 0.23438, -1.28727],
							"rotation": [-22.5, 0, 0],
							"uv": {
								"north": {"uv": [7, 14], "uv_size": [1, 0.5]},
								"east": {"uv": [13, 20], "uv_size": [0.5, 0.5]},
								"south": {"uv": [14, 7], "uv_size": [1, 0.5]},
								"west": {"uv": [20, 13], "uv_size": [0.5, 0.5]},
								"up": {"uv": [8, 14], "uv_size": [1, 0.5]},
								"down": {"uv": [14, 8.5], "uv_size": [1, -0.5]}
							}
						},
						{
							"origin": [-0.60715, -0.32005, -0.78645],
							"size": [1.21429, 0.19892, 0.08239],
							"pivot": [0.01635, 0.23438, -1.28727],
							"rotation": [22.5, 0, 0],
							"uv": {
								"north": {"uv": [9, 14], "uv_size": [1, 0.5]},
								"east": {"uv": [14, 20], "uv_size": [0.5, 0.5]},
								"south": {"uv": [14, 9], "uv_size": [1, 0.5]},
								"west": {"uv": [20, 14], "uv_size": [0.5, 0.5]},
								"up": {"uv": [10, 14], "uv_size": [1, 0.5]},
								"down": {"uv": [14, 10.5], "uv_size": [1, -0.5]}
							}
						},
						{
							"origin": [0.34375, -0.1875, -0.96509],
							"size": [0.23438, 0.13032, 1.71509],
							"uv": {
								"north": {"uv": [15, 20], "uv_size": [0.5, 0.5]},
								"east": {"uv": [4, 10], "uv_size": [1.5, 0.5]},
								"south": {"uv": [20, 15], "uv_size": [0.5, 0.5]},
								"west": {"uv": [10, 4], "uv_size": [1.5, 0.5]},
								"up": {"uv": [10, 5], "uv_size": [0.5, 1.5]},
								"down": {"uv": [6, 11.5], "uv_size": [0.5, -1.5]}
							}
						},
						{
							"origin": [0.31211, -0.1287, -0.80091],
							"size": [0.28688, 0.1801, 1.53675],
							"uv": {
								"west": {"uv": [48.5, 159], "uv_size": [36.53125, 15]}
							}
						},
						{
							"origin": [-0.38013, -0.46294, -0.86719],
							"size": [0.28125, 0.13907, 0.66875],
							"uv": {
								"east": {"uv": [130.03125, 158.5], "uv_size": [-42.03125, 9]}
							}
						},
						{
							"origin": [-0.59898, -0.1287, -0.83216],
							"size": [0.28688, 0.16447, 1.568],
							"uv": {
								"east": {"uv": [85.03125, 159], "uv_size": [-36.53125, 15]}
							}
						},
						{
							"origin": [-0.74374, 0.56895, -0.96509],
							"size": [0.125, 0.11469, 1.71509],
							"pivot": [-1.07187, -1.19668, 0],
							"rotation": [0, 0, 45],
							"uv": {
								"north": {"uv": [16, 20], "uv_size": [0.5, 0.5]},
								"east": {"uv": [10, 8], "uv_size": [1.5, 0.5]},
								"south": {"uv": [20, 16], "uv_size": [0.5, 0.5]},
								"west": {"uv": [9, 10], "uv_size": [1.5, 0.5]},
								"up": {"uv": [7, 10], "uv_size": [0.5, 1.5]},
								"down": {"uv": [4, 12.5], "uv_size": [0.5, -1.5]}
							}
						},
						{
							"origin": [0.61874, 0.56895, -0.96509],
							"size": [0.125, 0.11469, 1.71509],
							"pivot": [1.07187, -1.19668, 0],
							"rotation": [0, 0, -45],
							"uv": {
								"north": {"uv": [17, 20], "uv_size": [0.5, 0.5]},
								"east": {"uv": [10, 9], "uv_size": [1.5, 0.5]},
								"south": {"uv": [20, 17], "uv_size": [0.5, 0.5]},
								"west": {"uv": [11, 5], "uv_size": [1.5, 0.5]},
								"up": {"uv": [5, 11], "uv_size": [0.5, 1.5]},
								"down": {"uv": [11, 7.5], "uv_size": [0.5, -1.5]}
							}
						},
						{
							"origin": [-0.49702, -0.2686, -0.96509],
							"size": [0.99405, 0.0811, 1.71509],
							"uv": {
								"north": {"uv": [11, 14], "uv_size": [1, 0.5]},
								"east": {"uv": [8, 11], "uv_size": [1.5, 0.5]},
								"south": {"uv": [14, 11], "uv_size": [1, 0.5]},
								"west": {"uv": [10, 11], "uv_size": [1.5, 0.5]},
								"up": {"uv": [6, 4], "uv_size": [1, 1.5]},
								"down": {"uv": [5, 7.5], "uv_size": [1, -1.5]}
							}
						},
						{
							"origin": [0.34375, 0.03125, -1.125],
							"size": [0.23438, 0.21875, 0.375],
							"pivot": [0.125, 0.25, -0.75],
							"rotation": [55, 0, 0],
							"uv": {
								"north": {"uv": [18, 20], "uv_size": [0.5, 0.5]},
								"east": {"uv": [20, 18], "uv_size": [0.5, 0.5]},
								"south": {"uv": [19, 20], "uv_size": [0.5, 0.5]},
								"west": {"uv": [20, 19], "uv_size": [0.5, 0.5]},
								"up": {"uv": [20, 20], "uv_size": [0.5, 0.5]},
								"down": {"uv": [4, 21.5], "uv_size": [0.5, -0.5]}
							}
						},
						{
							"origin": [-0.57812, -0.1875, -0.96509],
							"size": [0.23438, 0.13032, 1.71509],
							"uv": {
								"north": {"uv": [21, 4], "uv_size": [0.5, 0.5]},
								"east": {"uv": [11, 10], "uv_size": [1.5, 0.5]},
								"south": {"uv": [5, 21], "uv_size": [0.5, 0.5]},
								"west": {"uv": [12, 4], "uv_size": [1.5, 0.5]},
								"up": {"uv": [6, 12], "uv_size": [0.5, 1.5]},
								"down": {"uv": [12, 7.5], "uv_size": [0.5, -1.5]}
							}
						},
						{
							"origin": [-0.57812, 0.03125, -1.125],
							"size": [0.23438, 0.21875, 0.375],
							"pivot": [-0.125, 0.25, -0.75],
							"rotation": [55, 0, 0],
							"uv": {
								"north": {"uv": [21, 5], "uv_size": [0.5, 0.5]},
								"east": {"uv": [6, 21], "uv_size": [0.5, 0.5]},
								"south": {"uv": [21, 6], "uv_size": [0.5, 0.5]},
								"west": {"uv": [7, 21], "uv_size": [0.5, 0.5]},
								"up": {"uv": [21, 7], "uv_size": [0.5, 0.5]},
								"down": {"uv": [8, 21.5], "uv_size": [0.5, -0.5]}
							}
						},
						{
							"origin": [-0.57812, -0.0625, -0.75],
							"size": [0.23438, 0.3125, 1.5],
							"uv": {
								"north": {"uv": [21, 8], "uv_size": [0.5, 0.5]},
								"east": {"uv": [7, 12], "uv_size": [1.5, 0.5]},
								"south": {"uv": [9, 21], "uv_size": [0.5, 0.5]},
								"west": {"uv": [12, 8], "uv_size": [1.5, 0.5]},
								"up": {"uv": [9, 12], "uv_size": [0.5, 1.5]},
								"down": {"uv": [10, 13.5], "uv_size": [0.5, -1.5]}
							}
						},
						{
							"origin": [-0.375, -0.78125, -0.96874],
							"size": [0.75, 0.125, 0.46875],
							"uv": {
								"north": {"uv": [12, 14], "uv_size": [1, 0.5]},
								"south": {"uv": [14, 12], "uv_size": [1, 0.5]},
								"down": {"uv": [13, 14.5], "uv_size": [1, -0.5]}
							}
						},
						{
							"origin": [-0.3643, -0.7035, -0.96874],
							"size": [0.177, 0.177, 0.46875],
							"pivot": [-0.375, -0.51581, -3.87499],
							"rotation": [0, 0, 45],
							"uv": {
								"north": {"uv": [21, 9], "uv_size": [0.5, 0.5]},
								"east": {"uv": [10, 21], "uv_size": [0.5, 0.5]},
								"south": {"uv": [21, 10], "uv_size": [0.5, 0.5]},
								"down": {"uv": [11, 21.5], "uv_size": [0.5, -0.5]}
							}
						},
						{
							"origin": [0.1873, -0.7035, -0.96874],
							"size": [0.177, 0.177, 0.46875],
							"pivot": [0.375, -0.51581, -3.87499],
							"rotation": [0, 0, -45],
							"uv": {
								"north": {"uv": [21, 11], "uv_size": [0.5, 0.5]},
								"south": {"uv": [12, 21], "uv_size": [0.5, 0.5]},
								"west": {"uv": [21, 12], "uv_size": [0.5, 0.5]},
								"down": {"uv": [13, 21.5], "uv_size": [0.5, -0.5]}
							}
						},
						{
							"origin": [-0.375, -0.78125, -0.24999],
							"size": [0.75, 0.125, 0.25],
							"uv": {
								"north": {"uv": [14, 13], "uv_size": [1, 0.5]},
								"south": {"uv": [14, 14], "uv_size": [1, 0.5]},
								"down": {"uv": [4, 15.5], "uv_size": [1, -0.5]}
							}
						},
						{
							"origin": [-0.3643, -0.7035, -0.24999],
							"size": [0.177, 0.177, 0.25],
							"pivot": [-0.375, -0.51581, -3.37499],
							"rotation": [0, 0, 45],
							"uv": {
								"north": {"uv": [21, 13], "uv_size": [0.5, 0.5]},
								"east": {"uv": [14, 21], "uv_size": [0.5, 0.5]},
								"south": {"uv": [21, 14], "uv_size": [0.5, 0.5]},
								"down": {"uv": [15, 21.5], "uv_size": [0.5, -0.5]}
							}
						},
						{
							"origin": [0.1873, -0.7035, -0.24999],
							"size": [0.177, 0.177, 0.25],
							"pivot": [0.375, -0.51581, -3.37499],
							"rotation": [0, 0, -45],
							"uv": {
								"north": {"uv": [21, 15], "uv_size": [0.5, 0.5]},
								"south": {"uv": [16, 21], "uv_size": [0.5, 0.5]},
								"west": {"uv": [21, 16], "uv_size": [0.5, 0.5]},
								"down": {"uv": [17, 21.5], "uv_size": [0.5, -0.5]}
							}
						},
						{
							"origin": [-0.375, -0.78125, 0.25001],
							"size": [0.75, 0.125, 0.25],
							"uv": {
								"north": {"uv": [15, 4], "uv_size": [1, 0.5]},
								"south": {"uv": [5, 15], "uv_size": [1, 0.5]},
								"down": {"uv": [15, 5.5], "uv_size": [1, -0.5]}
							}
						},
						{
							"origin": [-0.3643, -0.7035, 0.25001],
							"size": [0.177, 0.177, 0.25],
							"pivot": [-0.375, -0.51581, -2.87499],
							"rotation": [0, 0, 45],
							"uv": {
								"north": {"uv": [21, 17], "uv_size": [0.5, 0.5]},
								"east": {"uv": [18, 21], "uv_size": [0.5, 0.5]},
								"south": {"uv": [21, 18], "uv_size": [0.5, 0.5]},
								"down": {"uv": [19, 21.5], "uv_size": [0.5, -0.5]}
							}
						},
						{
							"origin": [0.1873, -0.7035, 0.25001],
							"size": [0.177, 0.177, 0.25],
							"pivot": [0.375, -0.51581, -2.87499],
							"rotation": [0, 0, -45],
							"uv": {
								"north": {"uv": [21, 19], "uv_size": [0.5, 0.5]},
								"south": {"uv": [20, 21], "uv_size": [0.5, 0.5]},
								"west": {"uv": [21, 20], "uv_size": [0.5, 0.5]},
								"down": {"uv": [21, 21.5], "uv_size": [0.5, -0.5]}
							}
						},
						{
							"origin": [-0.375, -0.78125, 0.75001],
							"size": [0.75, 0.125, 0.25],
							"uv": {
								"north": {"uv": [6, 15], "uv_size": [1, 0.5]},
								"south": {"uv": [15, 6], "uv_size": [1, 0.5]},
								"down": {"uv": [7, 15.5], "uv_size": [1, -0.5]}
							}
						},
						{
							"origin": [-0.3643, -0.7035, 0.75001],
							"size": [0.177, 0.177, 0.25],
							"pivot": [-0.375, -0.51581, -2.37499],
							"rotation": [0, 0, 45],
							"uv": {
								"north": {"uv": [4, 22], "uv_size": [0.5, 0.5]},
								"east": {"uv": [22, 4], "uv_size": [0.5, 0.5]},
								"south": {"uv": [5, 22], "uv_size": [0.5, 0.5]},
								"down": {"uv": [22, 5.5], "uv_size": [0.5, -0.5]}
							}
						},
						{
							"origin": [0.1873, -0.7035, 0.75001],
							"size": [0.177, 0.177, 0.25],
							"pivot": [0.375, -0.51581, -2.37499],
							"rotation": [0, 0, -45],
							"uv": {
								"north": {"uv": [6, 22], "uv_size": [0.5, 0.5]},
								"south": {"uv": [22, 6], "uv_size": [0.5, 0.5]},
								"west": {"uv": [7, 22], "uv_size": [0.5, 0.5]},
								"down": {"uv": [22, 7.5], "uv_size": [0.5, -0.5]}
							}
						},
						{
							"origin": [-0.5, -0.65725, -0.96874],
							"size": [1, 0.001, 1.96875],
							"uv": {
								"north": {"uv": [0, 0], "uv_size": [1, 0]},
								"east": {"uv": [0, 0], "uv_size": [2, 0]},
								"south": {"uv": [0, 0], "uv_size": [1, 0]},
								"west": {"uv": [0, 0], "uv_size": [2, 0]},
								"up": {"uv": [4, 4], "uv_size": [1, 2]},
								"down": {"uv": [5, 6], "uv_size": [1, -2]}
							}
						},
						{
							"origin": [-0.375, -0.65625, -0.96874],
							"size": [0.75, 0.125, 1.96875],
							"uv": {
								"north": {"uv": [15, 7], "uv_size": [1, 0.5]},
								"east": {"uv": [6, 6], "uv_size": [2, 0.5]},
								"south": {"uv": [8, 15], "uv_size": [1, 0.5]},
								"west": {"uv": [7, 4], "uv_size": [2, 0.5]},
								"up": {"uv": [4, 6], "uv_size": [1, 2]}
							}
						}
					]
				},
				{
					"name": "bone11_illuminated",
					"parent": "bone10",
					"pivot": [0, -6.5, 11],
					"cubes": [
						{
							"origin": [-0.24844, -0.386, -167.40625],
							"size": [0.04688, 0.04688, 166.40625],
							"uv": {
								"north": {"uv": [11, 22], "uv_size": [0.5, 0.5]},
								"east": {"uv": [0, 0], "uv_size": [166.5, 0.5]},
								"south": {"uv": [22, 11], "uv_size": [0.5, 0.5]},
								"west": {"uv": [0, 1], "uv_size": [166.5, 0.5]},
								"up": {"uv": [0, 2], "uv_size": [0.5, 166.5]},
								"down": {"uv": [1, 168.5], "uv_size": [0.5, -166.5]}
							}
						},
						{
							"origin": [0.20156, -0.386, -167.40625],
							"size": [0.04688, 0.04688, 166.40625],
							"uv": {
								"north": {"uv": [12, 22], "uv_size": [0.5, 0.5]},
								"east": {"uv": [2, 2], "uv_size": [166.5, 0.5]},
								"south": {"uv": [22, 12], "uv_size": [0.5, 0.5]},
								"west": {"uv": [2, 3], "uv_size": [166.5, 0.5]},
								"up": {"uv": [2, 4], "uv_size": [0.5, 166.5]},
								"down": {"uv": [3, 170.5], "uv_size": [0.5, -166.5]}
							}
						}
					]
				}
			]
		}
	]
}