{
  "ammo": "hamster:compact_ammo",
  "ammo_amount": 6,
  "bolt": "open_bolt",
  "rpm": 400,
  "bullet": {
    "life": 0.9,
    "bullet_amount": 1,
    "damage": 15,
    "tracer_count_interval": 0,
    "extra_damage": {
      "armor_ignore": 0.75,
      "head_shot_multiplier": 2,
      "damage_adjust": [
        {"distance": 30, "damage": 12},
        {"distance": 100, "damage": 4},
        {"distance": "infinite", "damage": 4}
      ]
    },
    "speed": 250,
    "gravity": 0.0245,
    "knockback": 0,
    "friction": 0.012,
    "ignite": false,
    "pierce": 3
  },
  "reload": {
    "type": "magazine",
    "feed": {
      "empty": 3.5,
      "tactical": 3.5
    },
    "cooldown": {
      "empty": 4,
      "tactical": 4
    }
  },
  "draw_time": 0.25,
  "put_away_time": 0.5,
  "aim_time": 0.2,
  "sprint_time": 0.2,
  "bolt_action_time": 0.9,
  "fire_mode": [
    "auto"
  ],
  "recoil": {
    "pitch": [
      {"time": 0, "value": [3, 3]},
      {"time": 0.32, "value": [2, 2]},
      {"time": 0.57, "value": [-0.5, -0.5]},
      {"time": 0.82, "value": [0.3, 0.3]},
      {"time": 1.17, "value": [0, 0]},
      {"time": 1.47, "value": [0, 0]}
    ],
    "yaw": [
      {"time": 0, "value": [-0.6, -0.5]},
      {"time": 0.32, "value": [-0.6, -0.5]},
      {"time": 0.57, "value": [0, 0]}
    ]
  },
  "inaccuracy": {
    "stand": 1.5,
    "move": 1,
    "sneak": 0.5,
    "lie": 0.5,
    "aim": 0.5
  }
}