{
	"format_version": "1.8.0",
	"animations": {
		"static_idle": {
			"animation_length": 0.1,
			"bones": {
				"leftHand": {
					"rotation": [74.09999, -12.80314, -111.33658],
					"position": [7.15, -14.02, -6.82],
					"scale": [1, 1.5, 1]
				},
				"rightHand": {
					"rotation": [84.32102, 14.82897, -180.27891],
					"position": [-6.725, -15.55, 6.225],
					"scale": [1, 1.5, 1]
				},
				"constraint": {
					"rotation": [0.2, 0.2, 0.2],
					"position": [0.2, 0.2, 0.2]
				}
			}
		},
		"draw": {
			"animation_length": 0.75,
			"bones": {
				"leftHand": {
					"rotation": {
						"0.0": [74.09999, -12.80314, -111.33658],
						"0.0625": [72.93, -12.8, -111.34],
						"0.2292": [59.32, -12.8, -111.34],
						"0.3125": [56.6, -12.8, -111.34],
						"0.3542": [59.1, -12.8, -111.34],
						"0.4167": [71.1, -12.8, -111.34],
						"0.4583": [74.1, -12.8, -111.34]
					},
					"position": {
						"0.0": [7.15, -14.02, -6.82],
						"0.3125": [7.15, -14.02, -6.82],
						"0.375": [7.65, -15.02, -6.82],
						"0.4583": [7.15, -14.02, -6.82]
					},
					"scale": [1, 1.5, 1]
				},
				"rightHand": {
					"rotation": [84.32102, 14.82897, -180.27891],
					"position": [-6.725, -15.55, 6.225],
					"scale": [1, 1.5, 1]
				},
				"constraint": {
					"rotation": [0.2, 0.2, 0.2],
					"position": [0.2, 0.2, 0.2]
				},
				"root": {
					"rotation": {
						"0.0": [-43.48559, -61.35556, 51.91024],
						"0.0833": [-40.35, -54.78, 47.56],
						"0.2292": [-24.66, -21.89, 25.79],
						"0.3542": [-21.13, -11.24, 18.74],
						"0.4583": [-19.18694, -6.67573, 15.71514],
						"0.5417": [-13.53, -5.4, 12.72],
						"0.6458": [-2.74, -0.95, 2.25],
						"0.75": [0, 0, 0]
					},
					"position": {
						"0.0": [0, -10, 0],
						"0.0833": [-0.02, -9.3325, 0],
						"0.2083": [-0.36, -6.81, 0],
						"0.2708": [-0.44, -3.43, 0],
						"0.3125": [-0.46, -2.68, 0],
						"0.3958": [-0.49, -3.01425, 0],
						"0.4583": [-0.5, -2.96045, 0],
						"0.5208": [-0.41, -1.7725, 0],
						"0.5625": [-0.23, 0.4425, 0],
						"0.625": [-0.17, 1.205, 0],
						"0.6875": [-0.07, 0.4, 0],
						"0.75": [0, 0, 0]
					}
				},
				"idle_view": {
					"rotation": {
						"0.0": [0, 0, 0],
						"0.0417": [0, 0, 0.12],
						"0.0833": [0, 0, 0.4375],
						"0.125": [0, 0, 0.6025],
						"0.1667": [0, 0, 0.32],
						"0.2292": [0, 0, 0.345],
						"0.3125": [0, 0, 0.875],
						"0.375": [0, 0, 1.825],
						"0.4167": [0, 0, 2],
						"0.4583": [0, 0, 1.7875],
						"0.5": [0, 0, 0.5],
						"0.5625": [0, 0, -0.8],
						"0.6042": [0, 0, -1],
						"0.6458": [0, 0, -0.845],
						"0.6875": [0, 0, -0.17],
						"0.75": [0, 0, 0]
					}
				},
				"camera": {
					"rotation": {
						"0.0": [0, 0, 0],
						"0.0417": [0, 0, 0.12],
						"0.0833": [0, 0, 0.4375],
						"0.125": [0, 0, 0.6025],
						"0.1667": [0, 0, 0.32],
						"0.2292": [0, 0, 0.345],
						"0.3125": [0, 0, 0.875],
						"0.375": [0, 0, 1.825],
						"0.4167": [0, 0, 2],
						"0.4583": [0, 0, 1.7875],
						"0.5": [0, 0, 0.5],
						"0.5625": [0, 0, -0.8],
						"0.6042": [0, 0, -1],
						"0.6458": [0, 0, -0.845],
						"0.6875": [0, 0, -0.17],
						"0.75": [0, 0, 0]
					}
				}
			},
			"sound_effects": {
				"0.0417": {
					"effect": "hamster:gew98/gew98_handing_1"
				},
				"0.3333": {
					"effect": "hamster:gew98/gew98_handing_4"
				}
			}
		},
		"put_away": {
			"animation_length": 0.7708,
			"bones": {
				"leftHand": {
					"rotation": {
						"0.0": [74.09999, -12.80314, -111.33658],
						"0.1875": [74.1, -12.8, -111.34],
						"0.3125": [51.6, -12.8, -111.34]
					},
					"position": {
						"0.0": [7.15, -14.02, -6.82],
						"0.1875": [7.15, -14.02, -6.82],
						"0.25": [8.15, -15.02, -6.82],
						"0.3125": [7.15, -14.02, -6.82]
					},
					"scale": [1, 1.5, 1]
				},
				"rightHand": {
					"rotation": [84.32102, 14.82897, -180.27891],
					"position": [-6.725, -15.55, 6.225],
					"scale": [1, 1.5, 1]
				},
				"constraint": {
					"rotation": [0.2, 0.2, 0.2],
					"position": [0.2, 0.2, 0.2]
				},
				"root": {
					"rotation": {
						"0.0": [0, 0, 0],
						"0.0625": [-3.78, -9.35, 7.74],
						"0.125": [-9.82, -21.22, 17.56],
						"0.1667": [-21.14, -44.07, 35.98],
						"0.2083": [-24.91, -53.025, 42.12],
						"0.25": [-28.67731, -53.97435, 41.10087],
						"0.2917": [-29.63, -53.235, 44.7],
						"0.3333": [-30.58, -49.74, 42.99],
						"0.4375": [-21.83, -19.49, 26.69],
						"0.5": [-12.58, -9.4, 21.26],
						"0.6042": [0.14573, -2.06235, 17.30664],
						"0.7083": [6.9, -2.06, 17.31],
						"0.7708": [9.15, -2.06, 17.31]
					},
					"position": {
						"0.0": [0, 0, 0],
						"0.1042": [-0.15, -0.15, 0.42],
						"0.25": [-0.91, -0.87, 2.5],
						"0.3333": [-2.21, -2.66, 3.38],
						"0.5208": [-8.05, -10.69, 7.35],
						"0.6667": [-9, -18, 13.25],
						"0.7708": [-9, -20, 15]
					}
				},
				"idle_view": {
					"rotation": {
						"0.0": {
							"post": [0, 0, 0],
							"lerp_mode": "catmullrom"
						},
						"0.0625": {
							"post": [0, 0, 0.17],
							"lerp_mode": "catmullrom"
						},
						"0.125": {
							"post": [0, 0, 0.71],
							"lerp_mode": "catmullrom"
						},
						"0.1875": {
							"post": [0, 0, 1.7775],
							"lerp_mode": "catmullrom"
						},
						"0.25": {
							"post": [0, 0, 1.6875],
							"lerp_mode": "catmullrom"
						},
						"0.3125": {
							"post": [0, 0, 1.7575],
							"lerp_mode": "catmullrom"
						},
						"0.375": {
							"post": [0, 0, 0.19],
							"lerp_mode": "catmullrom"
						},
						"0.4792": {
							"post": [0, 0, -0.75],
							"lerp_mode": "catmullrom"
						},
						"0.5417": {
							"post": [0, 0, -1],
							"lerp_mode": "catmullrom"
						},
						"0.5833": {
							"post": [0, 0, -0.71],
							"lerp_mode": "catmullrom"
						},
						"0.625": {
							"post": [0, 0, 0.1225],
							"lerp_mode": "catmullrom"
						},
						"0.6667": {
							"post": [0, 0, 0.3875],
							"lerp_mode": "catmullrom"
						},
						"0.7083": {
							"post": [0, 0, 0.1425],
							"lerp_mode": "catmullrom"
						},
						"0.7708": {
							"post": [0, 0, 0],
							"lerp_mode": "catmullrom"
						}
					}
				},
				"camera": {
					"rotation": {
						"0.0": {
							"post": [0, 0, 0],
							"lerp_mode": "catmullrom"
						},
						"0.0625": {
							"post": [0, 0, 0.17],
							"lerp_mode": "catmullrom"
						},
						"0.125": {
							"post": [0, 0, 0.71],
							"lerp_mode": "catmullrom"
						},
						"0.1875": {
							"post": [0, 0, 1.7775],
							"lerp_mode": "catmullrom"
						},
						"0.25": {
							"post": [0, 0, 1.6875],
							"lerp_mode": "catmullrom"
						},
						"0.3125": {
							"post": [0, 0, 1.7575],
							"lerp_mode": "catmullrom"
						},
						"0.375": {
							"post": [0, 0, 0.19],
							"lerp_mode": "catmullrom"
						},
						"0.4792": {
							"post": [0, 0, -0.75],
							"lerp_mode": "catmullrom"
						},
						"0.5417": {
							"post": [0, 0, -1],
							"lerp_mode": "catmullrom"
						},
						"0.5833": {
							"post": [0, 0, -0.71],
							"lerp_mode": "catmullrom"
						},
						"0.625": {
							"post": [0, 0, 0.1225],
							"lerp_mode": "catmullrom"
						},
						"0.6667": {
							"post": [0, 0, 0.3875],
							"lerp_mode": "catmullrom"
						},
						"0.7083": {
							"post": [0, 0, 0.1425],
							"lerp_mode": "catmullrom"
						},
						"0.7708": {
							"post": [0, 0, 0],
							"lerp_mode": "catmullrom"
						}
					}
				}
			},
			"sound_effects": {
				"0.0417": {
					"effect": "hamster:gew98/gew98_handing_1"
				},
				"0.4792": {
					"effect": "hamster:gew98/gew98_handing_2"
				}
			}
		},
		"run": {
			"loop": true,
			"animation_length": 0.6667,
			"bones": {
				"root": {
					"rotation": {
						"0.0": {
							"post": [-28.67731, -56.09935, 46.41337],
							"lerp_mode": "catmullrom"
						},
						"0.1667": {
							"post": [-32.83007, -59.26975, 50.16131],
							"lerp_mode": "catmullrom"
						},
						"0.3333": {
							"post": [-28.68, -56.1, 46.41],
							"lerp_mode": "catmullrom"
						},
						"0.5": {
							"post": [-25.54233, -52.77711, 41.40396],
							"lerp_mode": "catmullrom"
						},
						"0.6667": {
							"post": [-28.67731, -56.09935, 46.41337],
							"lerp_mode": "catmullrom"
						}
					},
					"position": {
						"0.0": {
							"post": [-0.91, -0.87, 2.5],
							"lerp_mode": "catmullrom"
						},
						"0.1": {
							"post": [-0.0225, -2.0597, 2.5],
							"lerp_mode": "catmullrom"
						},
						"0.1667": {
							"post": [0.09, -2.16, 2.5],
							"lerp_mode": "catmullrom"
						},
						"0.2333": {
							"post": [-0.34, -1.7975, 2.5],
							"lerp_mode": "catmullrom"
						},
						"0.3333": {
							"post": [-0.91, -0.87, 2.5],
							"lerp_mode": "catmullrom"
						},
						"0.4333": {
							"post": [-1.45, -1.755, 2.5],
							"lerp_mode": "catmullrom"
						},
						"0.5": {
							"post": [-1.91, -2.0975, 2.5],
							"lerp_mode": "catmullrom"
						},
						"0.5667": {
							"post": [-1.81, -1.8452, 2.5],
							"lerp_mode": "catmullrom"
						},
						"0.6667": {
							"post": [-0.91, -0.87, 2.5],
							"lerp_mode": "catmullrom"
						}
					}
				}
			}
		},
		"run_hold": {
			"loop": true,
			"animation_length": 0.2667,
			"bones": {
				"root": {
					"rotation": {
						"0.0": {
							"post": [-33.67731, -56.09935, 46.41337],
							"lerp_mode": "catmullrom"
						},
						"0.2667": {
							"post": [-33.67731, -56.09935, 46.41337],
							"lerp_mode": "catmullrom"
						}
					},
					"position": {
						"0.0": {
							"post": [-0.91, -0.87, 2.5],
							"lerp_mode": "catmullrom"
						},
						"0.2667": {
							"post": [-0.91, -0.87, 2.5],
							"lerp_mode": "catmullrom"
						}
					}
				}
			}
		},
		"melee_stock": {
			"animation_length": 2.1042,
			"bones": {
				"root": {
					"rotation": {
						"0.0": [0, 0, 0],
						"0.1042": [-13.5, -0.25, 1.87],
						"0.25": [-44.77, -0.82, 6.19],
						"0.4167": [-142.5, -2.62, 20.71],
						"0.4583": [-161.1752, -2.8, 18.81],
						"0.5": [-159.26588, -2.979, 22.41161],
						"0.5625": [-161.78, -2.87, 22.19],
						"0.8125": [-159.44358, -1.90818, 20.14932],
						"0.8542": [-165.065, -1.91, 23.15],
						"0.9167": [-159.44358, -1.90818, 20.14932],
						"1.0": [-152.8, -1.83, 19.31],
						"1.1667": [-98.01, -1.17, 35.39],
						"1.2708": [-83.99025, -3.1932, 31.6871],
						"1.4375": [-59.65, -0.71, 14.24],
						"1.6458": [-20.84, -0.25, 4.63],
						"1.75": [-4.17, -0.05, 1.73],
						"1.8542": [0, 0, 0]
					},
					"position": {
						"0.0": [0, 0, 0],
						"0.1042": [0.67, 0.42, 0.25],
						"0.2292": [2.42, 0.51, 0.91],
						"0.3333": [5.43, 1.39, 2.04],
						"0.3958": [7.23, 3.52, 2.71],
						"0.4375": [7.69, 4.56, 2.88],
						"0.5": [8, 5, 3],
						"0.5625": [8, 5, 4.39742],
						"0.625": [8, 5, 9.57561],
						"0.6875": [8, 5, 10.1874],
						"0.7292": [8, 5, 9.5825],
						"0.75": [8, 5, 0.77639],
						"0.7917": [8, 5, -0.55981],
						"0.875": [8, 5, -0.55981],
						"1.0417": [6.17, 4.48, -0.42496],
						"1.0833": [5.2775, 3.71, -0.28],
						"1.1875": [2.68, -0.7856, 0.43203],
						"1.25": [1.56, -2.1626, 0.64362],
						"1.3333": [0.63, -2.31, 0.33],
						"1.4167": [0.44, -1.77, 0.27],
						"1.5": [0.31, 0.59575, 0.23],
						"1.5625": [0.29, 1.23015, 0.22],
						"1.6458": [0.14, 1.35215, 0.17],
						"1.75": [0.03, 0.3975, 0.03],
						"1.8333": [0, 0, 0]
					}
				},
				"rightHand": {
					"rotation": {
						"0.0": [84.32102, 14.82897, -180.27891],
						"0.1042": [73.65, 12.45, -187.1],
						"0.4167": [-22.41, -8.94, -208.51],
						"0.5": [-32.11088, -11.10128, -211.07339],
						"0.6458": [-11.871, -7.38303, -225.15022],
						"0.7083": [-8.66, -2.34, -225.655],
						"0.7708": [-35.1, -6.11, -203.83],
						"0.7917": [-38.03378, -6.52381, -205.05953],
						"0.875": [-38.03378, -6.52381, -205.05953],
						"0.9583": [-25.53, -5.05, -205.89],
						"1.1458": [36.9642, 2.34848, -210.07023],
						"1.6667": [80.77, 13.89, -180.51],
						"1.9792": [84.32102, 14.82897, -180.27891]
					},
					"position": {
						"0.0": [-6.725, -15.55, 6.225],
						"0.5": [-7.22, -12.55, 10.23],
						"0.7917": [-7.22, -12.55, 10.23],
						"0.875": [-7.22, -12.55, 10.23],
						"0.9375": [-7.52, -12.48, 10.04],
						"1.0833": [-10.53, -11.78, 8.2],
						"1.1458": [-10.87, -11.7, 8],
						"1.2292": [-10.62, -12.62, 7.86],
						"1.3125": [-7.4575, -14.67, 6.8175],
						"1.375": [-6.725, -15.55, 6.225],
						"1.9792": [-6.725, -15.55, 6.225]
					},
					"scale": [1, 1.5, 1]
				},
				"leftHand": {
					"rotation": {
						"0.0": [74.09999, -12.80314, -111.33658],
						"0.1667": [74.00571, -9.56135, -117.84139],
						"0.2292": [69.6275, -8.75, -119.47],
						"0.3958": [27.2775, 0, -134.67],
						"0.5": [17.41475, 1.77996, -138.91268],
						"0.7917": [5.47, 1.66, -138.69],
						"0.875": [5.47, 1.66, -138.69],
						"1.0208": [8.83, 0.95, -137.35],
						"1.2292": [10.91, -3.25, -129.41],
						"1.2917": [16.74, -4.09, -127.82],
						"1.4375": [48, -7.82, -120.77],
						"1.5417": [60.5, -8.84, -118.84],
						"1.6875": [69.92, -10.61, -113.6],
						"1.8333": [74.09999, -12.80314, -111.33658],
						"1.9792": [74.09999, -12.80314, -111.33658]
					},
					"position": {
						"0.0": [7.15, -14.02, -6.82],
						"0.1042": [7.15, -13.96, -6.99],
						"0.4167": [7.15, -13.34, -8.63],
						"0.5": [7.15, -13.27, -8.82],
						"0.5833": [7.15, -13.27, -8.22],
						"0.75": [7.15, -13.27, -3.49],
						"0.7917": [7.15, -13.27, -2.82],
						"0.875": [7.15, -13.27, -2.82],
						"1.0625": [7.15, -13.33, -3.16],
						"1.1667": [7.15, -13.45, -3.78],
						"1.2292": [8.15, -13.52, -3.3],
						"1.3125": [7.15, -13.61, -2.65],
						"1.5": [7.15, -13.82, -5.77],
						"1.8333": [7.15, -14.02, -6.82],
						"1.9792": [7.15, -14.02, -6.82]
					},
					"scale": [1, 1.5, 1]
				},
				"idle_view": {
					"rotation": {
						"0.0": [0, 0, -0.10125],
						"0.1667": [0, 0, -0.36305],
						"0.2917": [0, 0, -1.21005],
						"0.4167": [0, 0, -3.52005],
						"0.5": [0, 0, -3.8858],
						"0.5625": [0, 0, -3.2313],
						"0.6458": [0, 0, -0.45449],
						"0.6875": [0, 0, 0.35193],
						"0.75": [0, 0, 0.07845],
						"0.7917": [0, 0, -0.86782],
						"0.8125": [0, 0, -0.7803],
						"0.8542": [0, 0, -1.51325],
						"0.8958": [0, 0, 0.36834],
						"0.9375": [0, 0, 0.61995],
						"0.9792": [0, 0, 0.20425],
						"1.0417": [0, 0, -0.0583],
						"1.1042": [0, 0, 0.31912],
						"1.1667": [0, 0, 0.7975],
						"1.2292": [0, 0, 1],
						"1.2917": [0, 0, 0.82],
						"1.3333": [0, 0, -0.13],
						"1.3958": [0, 0, -0.77],
						"1.4583": [0, 0, -0.875],
						"1.5625": [0, 0, -0.43],
						"1.7917": [0, 0, -0.16],
						"2.1042": [0, 0, 0]
					}
				},
				"camera": {
					"rotation": {
						"0.0": [0, 0, -0.10125],
						"0.1667": [0, 0, -0.36305],
						"0.2917": [0, 0, -1.21005],
						"0.4167": [0, 0, -3.52005],
						"0.5": [0, 0, -3.8858],
						"0.5625": [0, 0, -3.2313],
						"0.6458": [0, 0, -0.45449],
						"0.6875": [0, 0, 0.35193],
						"0.75": [0, 0, 0.07845],
						"0.7917": [0, 0, -0.86782],
						"0.8125": [0, 0, -0.7803],
						"0.8542": [0, 0, -1.51325],
						"0.8958": [0, 0, 0.36834],
						"0.9375": [0, 0, 0.61995],
						"0.9792": [0, 0, 0.20425],
						"1.0417": [0, 0, -0.0583],
						"1.1042": [0, 0, 0.31912],
						"1.1667": [0, 0, 0.7975],
						"1.2292": [0, 0, 1],
						"1.2917": [0, 0, 0.82],
						"1.3333": [0, 0, -0.13],
						"1.3958": [0, 0, -0.77],
						"1.4583": [0, 0, -0.875],
						"1.5625": [0, 0, -0.43],
						"1.7917": [0, 0, -0.16],
						"2.1042": [0, 0, 0]
					}
				}
			}
		},
		"run_start": {
			"animation_length": 0.4,
			"bones": {
				"root": {
					"rotation": {
						"0.0": {
							"post": [0, 0, 0],
							"lerp_mode": "catmullrom"
						},
						"0.1667": {
							"post": [-7.83, -11.4, 9.43],
							"lerp_mode": "catmullrom"
						},
						"0.4": {
							"post": [-28.67731, -56.09935, 46.41337],
							"lerp_mode": "catmullrom"
						}
					},
					"position": {
						"0.0": {
							"post": [0, 0, 0],
							"lerp_mode": "catmullrom"
						},
						"0.1667": {
							"post": [-0.18, -0.18, 0.5],
							"lerp_mode": "catmullrom"
						},
						"0.4": {
							"post": [-0.91, -0.87, 2.5],
							"lerp_mode": "catmullrom"
						}
					}
				}
			}
		},
		"run_end": {
			"animation_length": 0.4,
			"bones": {
				"root": {
					"rotation": {
						"0.0": {
							"post": [-28.67731, -56.09935, 46.41337],
							"lerp_mode": "catmullrom"
						},
						"0.2333": {
							"post": [-7.83, -11.4, 9.43],
							"lerp_mode": "catmullrom"
						},
						"0.4": {
							"post": [0, 0, 0],
							"lerp_mode": "catmullrom"
						}
					},
					"position": {
						"0.0": {
							"post": [-0.91, -0.87, 2.5],
							"lerp_mode": "catmullrom"
						},
						"0.2667": {
							"post": [-0.18, -0.18, 0.5],
							"lerp_mode": "catmullrom"
						},
						"0.4": {
							"post": [0, 0, 0],
							"lerp_mode": "catmullrom"
						}
					}
				}
			}
		},
		"reload_empty": {
			"animation_length": 4,
			"bones": {
				"leftHand": {
					"rotation": {
						"0.0": [74.09999, -12.80314, -111.33658],
						"0.1458": [69.94, -12.19, -108.64],
						"0.5": [29.02, -7.39, -87.63],
						"0.6458": [20.83066, -6.4352, -83.42927],
						"3.3542": [20.83066, -6.4352, -83.42927],
						"3.4792": [25.99, -7.05, -86.13],
						"3.8958": [69.33, -12.11, -108.31],
						"4.0": [74.09999, -12.80314, -111.33658]
					},
					"position": {
						"0.0": [7.15, -14.02, -6.82],
						"0.6458": [7.15, -14.02, -5.82],
						"3.3542": [7.15, -14.02, -5.82],
						"4.0": [7.15, -14.02, -6.82]
					},
					"scale": [1, 1.5, 1]
				},
				"rightHand": {
					"rotation": {
						"0.0": [84.32102, 14.82897, -180.27891],
						"0.1875": [88.56, 15.37, -185.2],
						"0.4792": [111.94, 18.36, -212.37],
						"0.6458": [117.13437, 19.0224, -218.40988],
						"0.8125": [111.2822, 23.52788, -207.63576],
						"0.8958": [111.2822, 23.52788, -207.63576],
						"1.125": [143.69425, 18.5079, -185.48186],
						"1.2083": [143.69425, 18.5079, -185.48186],
						"1.3542": [145.83896, 0.05049, -172.38257],
						"1.8125": [129.55876, 14.45728, -182.42198],
						"1.9167": [133.97043, 13.84323, -162.3186],
						"2.2083": [125.26984, 6.8065, -155.08945],
						"2.3542": [133.97043, 13.84323, -162.3186],
						"2.6042": [143.69425, 18.5079, -185.48186],
						"2.8333": [111.2822, 23.52788, -207.63576],
						"2.9167": [111.2822, 23.52788, -207.63576],
						"3.0833": [117.13437, 19.0224, -218.40988],
						"3.3125": [113.41, 18.55, -214.08],
						"3.7708": [87.85, 15.28, -184.38],
						"4.0": [84.32102, 14.82897, -180.27891]
					},
					"position": {
						"0.0": [-6.725, -15.55, 6.225],
						"0.125": [-6.97, -15.29, 6.16],
						"0.1875": [-7.72, -14.92, 6.07],
						"0.2708": [-10.27, -13.65, 5.75],
						"0.3333": [-10.7, -13.44, 5.7],
						"0.4792": [-9.91, -12.15, 5.38],
						"0.6458": [-10.47, -11.55, 5.23],
						"0.8125": [-8.47, -8.55, 5.23],
						"0.8958": [-8.47, -8.55, 5.23],
						"0.9583": [-8.52, -8.55, 5.62],
						"1.0625": [-8.86, -8.55, 8.51],
						"1.125": [-8.97, -8.55, 9.48],
						"1.2083": [-8.97, -8.55, 9.48],
						"1.3125": [-10.26, -10.05, 14.19],
						"1.3542": [-10.47, -10.3, 14.98],
						"1.4583": [-10.33, -10.28, 13.89],
						"1.5833": [-9.56, -8.15, 7.7],
						"1.6458": [-9.43, -8.1925, 6.67],
						"1.7083": [-9.13, -8.83, 4.26],
						"1.8125": [-8.97, -8.9875, 2.98],
						"1.875": [-8.37, -8.6375, 2.98],
						"1.9167": [-8.22, -8.05, 2.98],
						"1.9583": [-8.23, -7.245, 2.98],
						"2.0208": [-8.24, -6.98, 2.98],
						"2.125": [-8.27, -8.41, 2.98],
						"2.2292": [-8.44, -9.82, 2.98],
						"2.2708": [-8.47, -10.05, 2.98],
						"2.3958": [-8.22, -8.05, 2.98],
						"2.4583": [-8.43, -8.19, 4.59],
						"2.5417": [-8.97, -8.55, 8.605],
						"2.6042": [-8.97, -8.55, 9.48],
						"2.6458": [-8.92, -8.55, 9.09],
						"2.7708": [-8.57, -8.55, 6.09],
						"2.8333": [-8.47, -8.55, 5.23],
						"2.9167": [-8.47, -8.55, 5.23],
						"3.0833": [-10.47, -11.55, 5.23],
						"3.2917": [-10.13, -11.91, 5.32],
						"3.4375": [-12.22, -12.89, 5.56],
						"3.5208": [-11.58, -13.17, 5.63],
						"3.6875": [-7.81, -14.82, 6.04],
						"3.7708": [-7.13, -15.12, 6.12],
						"4.0": [-6.725, -15.55, 6.225]
					},
					"scale": [1, 1.5, 1]
				},
				"constraint": {
					"rotation": [1, 1, 1],
					"position": [1, 1, 1]
				},
				"root": {
					"rotation": {
						"0.0": [0, 0, 0],
						"0.125": [-2.5, -3.62, 2.99],
						"0.2708": [-10.85, -15.73, 12.78],
						"0.375": [-25.82, -22.51, 40.61],
						"0.4167": [-31.81192, -26.66144, 45.79138],
						"0.4583": [-32.78, -34.725, 41.00121],
						"0.5": [-33.75, -44.23, 40.34601],
						"0.5625": [-35.2, -51.05, 44.34581],
						"0.625": [-38.68, -56.1, 46.41],
						"0.7292": [-47.5825, -53.9, 51.846],
						"0.8125": [-55.03244, -47.28078, 68.14808],
						"0.875": [-53.8225, -49.04, 65.3152],
						"0.9375": [-40.5, -54.69, 50.185],
						"1.0": [-38.68, -56.1, 46.41],
						"1.0625": [-42.25, -56.1, 46.41],
						"1.1667": [-53.7425, -56.1, 46.41],
						"1.2083": [-55.1425, -52.6625, 46.41],
						"1.25": [-52.95, -57.1, 46.41],
						"1.4167": [-41.97, -56.1, 46.41],
						"1.5417": [-39.68, -56.1, 46.41],
						"1.8333": [-39.51, -56.1, 46.41],
						"1.8958": [-39.49, -54.35, 43.91],
						"1.9583": [-39.45, -58.85, 46.41],
						"2.0208": [-39.42, -56.1, 46.41],
						"2.125": [-41.14, -56.1, 47.73],
						"2.25": [-45.71, -56.1, 46.3],
						"2.2708": [-46.06, -56.1, 46.3],
						"2.3125": [-46.76, -56.1, 49.16],
						"2.4167": [-40.85, -56.1, 46.41],
						"2.5": [-39.16, -56.1, 46.41],
						"2.7708": [-38.99, -56.1, 46.41],
						"2.8333": [-41.57, -53.94, 49.73],
						"2.875": [-49.3, -47.46, 59.69],
						"2.9167": [-51.87032, -45.29818, 63.01217],
						"2.9583": [-48.46, -46.88, 58.95],
						"3.0625": [-21.93, -59.15, 27.32],
						"3.1458": [-14.35602, -62.65734, 18.28607],
						"3.2083": [-19.22, -61.35, 23.91],
						"3.2917": [-35.9, -56.85, 43.2],
						"3.3542": [-38.68, -56.1, 46.41],
						"3.4167": [-36.18, -52.48, 43.42],
						"3.625": [-12.92, -18.75, 17.26],
						"3.7708": [-5.17, -7.5, 8.2],
						"4.0": [0, 0, 0]
					},
					"position": {
						"0.0": [0, 0, 0],
						"0.125": [0.01, -0.3075, 0.1],
						"0.2083": [0.02, -1.1931, 0.25],
						"0.2708": [0.02, -1.3548, 0.37],
						"0.3333": [0.03, -1.0828, 0.49],
						"0.4375": [0.05, -1.0525, 0.89],
						"0.5625": [0.08, -1.7, 1.37],
						"0.6458": [0.09, -1.87, 1.5],
						"0.9167": [0.09, -1.91625, 1.5],
						"1.0625": [0.09, -2.17, 1.5],
						"1.1667": [0.09, -2.615, 1.5],
						"1.2083": [0.09, -2.62, 1.5],
						"1.2708": [0.09, -1.795, 1.5],
						"1.3125": [0.09, -1.62, 1.5],
						"1.375": [0.201, -1.62, 1.42],
						"1.5833": [0.7042, -1.87, 1.08],
						"1.7083": [0.83, -1.87, 1],
						"1.8333": [0.83, -1.87, 1],
						"1.8958": [0.83, -2.12, 1],
						"2.0": [0.83, -1.92, 1],
						"2.1875": [0.83, -2.21, 1],
						"2.25": [0.83, -2.81, 1],
						"2.2917": [0.83, -2.87, 1],
						"2.3333": [0.81, -2.67, 1.02],
						"2.375": [0.7412, -2.0575, 1.06],
						"2.4583": [0.6228, -1.87, 1.14],
						"2.5625": [0.1936, -1.87, 1.43],
						"2.6458": [0.09, -1.87, 1.5],
						"2.7083": [0.24, -1.87, 1.42],
						"2.7708": [0.65, -1.87, 1.22],
						"2.8333": [0.92, -1.87, 1.08],
						"2.9167": [1.09, -1.87, 1],
						"3.3542": [0.09, -1.87, 1.5],
						"3.4167": [0.08, -1.8125, 1.4],
						"3.5417": [0.05, -1.58, 0.87],
						"3.5833": [0.04, -1.235, 0.69],
						"3.625": [0.03, -0.015, 0.51],
						"3.6875": [0.02, 0.2925, 0.41],
						"3.7708": [0.01, 0.235, 0.28],
						"3.8542": [0.01, 0.06, 0.15],
						"4.0": [0, 0, 0]
					}
				},
				"ammo": {
					"rotation": {
						"1.3542": [0, 0, 0],
						"1.7083": [-7.5, 0, -20],
						"1.75": [-6.3, 0, -17.675],
						"1.8125": [-1.5, 0, -2.8125],
						"1.8542": [0, 0, 0]
					},
					"position": {
						"1.3542": [-2, 2, 12],
						"1.4375": [-1.86, 2.3975, 10.93],
						"1.5417": [-1.25, 3.995, 6.09],
						"1.5833": [-1, 4.53, 4.15],
						"1.6458": [-0.84, 4.52, 2.545],
						"1.7292": [-0.5, 3.75, 0.8125],
						"1.7917": [-0.2, 4.0425, 0.33],
						"1.8542": [0, 2.875, 0],
						"1.9167": [0, 2.25, 0]
					},
					"scale": {
						"1.3333": [0, 0, 0],
						"1.3542": [1, 1, 1]
					}
				},
				"clip": {
					"rotation": {
						"2.5833": [0, 0, 0],
						"2.625": [-40, 0, 0],
						"2.7083": [-57.05847, 30.66101, 44.95208],
						"2.8542": [20.94162, 74.24701, 170.38495]
					},
					"position": {
						"2.5833": [0, 0, 0],
						"2.625": [0, 0.75, 0.5],
						"2.7083": [1, -0.25, 0.5],
						"2.8542": [3, -6.25, 0.5]
					},
					"scale": {
						"2.8542": [1, 1, 1],
						"2.8958": [0, 0, 0]
					}
				},
				"bullet": {
					"position": {
						"2.625": [0, 0, 0],
						"2.6667": [0, 0, -0.51],
						"2.7708": [0, 0, -3.56],
						"2.8125": [0, 0, -4]
					}
				},
				"bolt": {
					"rotation": {
						"0.8958": [0, 0, 0],
						"1.125": [0, 0, 0],
						"2.6042": [0, 0, 0],
						"2.8333": [0, 0, 0]
					},
					"position": {
						"0.8958": [0, 0, 0],
						"0.9375": [0, 0, 0.41],
						"1.0833": [0, 0, 4.1125],
						"1.125": [0, 0, 4.5],
						"2.6042": [0, 0, 4.5],
						"2.6458": [0, 0, 4.09],
						"2.7917": [0, 0, 0.45],
						"2.8333": [0, 0, 0]
					}
				},
				"bolt_front": {
					"rotation": {
						"0.6458": [0, 0, 0],
						"0.6875": [0, 0, 6.8575],
						"0.7708": [0, 0, 72.25],
						"0.8125": [0, 0, 80],
						"0.8958": [0, 0, 80],
						"2.8333": [0, 0, 80],
						"2.9167": [0, 0, 80],
						"2.9583": [0, 0, 72.9375],
						"3.0417": [0, 0, 10.81],
						"3.0833": [0, 0, 0]
					},
					"position": {
						"0.6458": [0, 0, 0],
						"0.8125": [0, 0, 0],
						"0.8958": [0, 0, 0],
						"2.8333": [0, 0, 0],
						"2.9167": [0, 0, 0],
						"3.0833": [0, 0, 0]
					}
				},
				"allbullet": {
					"rotation": {
						"1.9167": [0, 0, 0],
						"2.0208": [0, 0, 0],
						"2.2083": [0, 0, 0]
					},
					"position": {
						"1.9167": [0, 0, 0],
						"2.0208": [0, 0, 0],
						"2.1042": [0, -0.325, 0],
						"2.2083": [0, -2.02, 0],
						"2.2708": [0, -2.25, 0]
					}
				},
				"camera": {
					"rotation": {
						"0.0": {
							"post": [0, 0, 0],
							"lerp_mode": "catmullrom"
						},
						"0.375": {
							"post": [0, 0, -0.07],
							"lerp_mode": "catmullrom"
						},
						"0.4583": {
							"post": [0, 0, 1],
							"lerp_mode": "catmullrom"
						},
						"0.5208": {
							"post": [0, 0, 0],
							"lerp_mode": "catmullrom"
						},
						"0.7083": {
							"post": [0, 0, 0.33],
							"lerp_mode": "catmullrom"
						},
						"0.8333": {
							"post": [0, 0, 1],
							"lerp_mode": "catmullrom"
						},
						"0.9167": {
							"post": [0, 0, 0],
							"lerp_mode": "catmullrom"
						},
						"1.0208": {
							"post": [0, 0, 0.315],
							"lerp_mode": "catmullrom"
						},
						"1.125": {
							"post": [0, 0, -2],
							"lerp_mode": "catmullrom"
						},
						"1.2708": {
							"post": [0, 0, 0.6175],
							"lerp_mode": "catmullrom"
						},
						"1.3333": {
							"post": [0, 0, 0],
							"lerp_mode": "catmullrom"
						},
						"1.8333": {
							"post": [0, 0, 0],
							"lerp_mode": "catmullrom"
						},
						"1.8958": {
							"post": [0, 0, -0.25],
							"lerp_mode": "catmullrom"
						},
						"1.9583": {
							"post": [0, 0, 0.11],
							"lerp_mode": "catmullrom"
						},
						"2.0208": {
							"post": [0, 0, 0],
							"lerp_mode": "catmullrom"
						},
						"2.1667": {
							"post": [0, 0, 0.595],
							"lerp_mode": "catmullrom"
						},
						"2.2917": {
							"post": [0, 0, 2.75],
							"lerp_mode": "catmullrom"
						},
						"2.375": {
							"post": [0, 0, -0.875],
							"lerp_mode": "catmullrom"
						},
						"2.4375": {
							"post": [0, 0, 0],
							"lerp_mode": "catmullrom"
						},
						"2.625": {
							"post": [0, 0, -0.167],
							"lerp_mode": "catmullrom"
						},
						"2.6875": {
							"post": [0, 0, 0.04],
							"lerp_mode": "catmullrom"
						},
						"2.75": {
							"post": [0, 0, -0.4361],
							"lerp_mode": "catmullrom"
						},
						"2.875": {
							"post": [0, 0, -0.0635],
							"lerp_mode": "catmullrom"
						},
						"2.9375": {
							"post": [0, 0, -1],
							"lerp_mode": "catmullrom"
						},
						"3.0": {
							"post": [0, 0, -0.85],
							"lerp_mode": "catmullrom"
						},
						"3.125": {
							"post": [0, 0, 0],
							"lerp_mode": "catmullrom"
						},
						"3.1875": {
							"post": [0, 0, -1.5],
							"lerp_mode": "catmullrom"
						},
						"3.2292": {
							"post": [0, 0, 0.5],
							"lerp_mode": "catmullrom"
						},
						"3.4167": {
							"post": [0, 0, 0],
							"lerp_mode": "catmullrom"
						}
					}
				}
			},
			"sound_effects": {
				"0.125": {
					"effect": "hamster:gew98/gew98_handing_1"
				},
				"0.6875": {
					"effect": "hamster:gew98/gew98_openbolt"
				},
				"1.8958": {
					"effect": "hamster:gew98/gew98_loading"
				},
				"2.6458": {
					"effect": "hamster:gew98/gew98_closebolt_2"
				},
				"3.375": {
					"effect": "hamster:gew98/gew98_handing_2"
				}
			}
		},
		"reload_tactical": {
			"animation_length": 4.5,
			"bones": {
				"leftHand": {
					"rotation": {
						"0.0": [74.09999, -12.80314, -111.33658],
						"0.1458": [69.94, -12.19, -108.64],
						"0.5": [29.02, -7.39, -87.63],
						"0.6458": [20.83066, -6.4352, -83.42927],
						"3.8542": [20.83066, -6.4352, -83.42927],
						"3.9792": [25.99, -7.05, -86.13],
						"4.3958": [69.33, -12.11, -108.31],
						"4.5": [74.09999, -12.80314, -111.33658]
					},
					"position": {
						"0.0": [7.15, -14.02, -6.82],
						"0.6458": [7.15, -14.02, -5.82],
						"3.8542": [7.15, -14.02, -5.82],
						"4.5": [7.15, -14.02, -6.82]
					},
					"scale": [1, 1.5, 1]
				},
				"rightHand": {
					"rotation": {
						"0.0": [84.32102, 14.82897, -180.27891],
						"0.1875": [88.56, 15.37, -185.2],
						"0.4792": [111.94, 18.36, -212.37],
						"0.6458": [117.13437, 19.0224, -218.40988],
						"0.8125": [111.2822, 23.52788, -207.63576],
						"0.8958": [111.2822, 23.52788, -207.63576],
						"1.125": [143.69425, 18.5079, -185.48186],
						"1.2083": [143.69425, 18.5079, -185.48186],
						"1.25": [142.3, 12.67, -183.97],
						"1.3333": [137.2, -21.35, -175.13],
						"1.375": [118.56436, -28.2723, -161.54746],
						"1.4375": [86.17, -21.62, -147.25],
						"1.5": [69.97918, -18.28929, -140.09965],
						"1.6667": [111.39571, -3.64539, -154.54651],
						"1.8333": [133.48338, 0.65128, -155.48355],
						"2.0208": [133.48338, 0.65128, -155.48355],
						"2.2917": [81.13, -6.76, -149.46],
						"2.5": [112.03877, -2.14563, -161.11563],
						"2.625": [133.48338, 0.65128, -155.48355],
						"2.9167": [81.13, -6.76, -149.46],
						"3.1042": [143.69425, 18.5079, -185.48186],
						"3.3333": [111.2822, 23.52788, -207.63576],
						"3.4167": [111.2822, 23.52788, -207.63576],
						"3.5833": [117.13437, 19.0224, -218.40988],
						"3.8125": [113.41, 18.55, -214.08],
						"4.2708": [87.85, 15.28, -184.38],
						"4.5": [84.32102, 14.82897, -180.27891]
					},
					"position": {
						"0.0": [-6.725, -15.55, 6.225],
						"0.125": [-6.97, -15.29, 6.16],
						"0.1875": [-7.72, -14.92, 6.07],
						"0.2708": [-10.27, -13.65, 5.75],
						"0.3333": [-10.7, -13.44, 5.7],
						"0.4792": [-9.91, -12.15, 5.38],
						"0.6458": [-10.47, -11.55, 5.23],
						"0.8125": [-8.47, -8.55, 5.23],
						"0.8958": [-8.47, -8.55, 5.23],
						"0.9583": [-8.52, -8.55, 5.62],
						"1.0625": [-8.86, -8.55, 8.51],
						"1.125": [-8.97, -8.55, 9.48],
						"1.2083": [-8.97, -8.55, 9.28],
						"1.2708": [-10, -9.75, 11.542],
						"1.3125": [-10.26, -10.05, 12.106],
						"1.3333": [-11, -10.13, 11.3245],
						"1.375": [-12.47, -10.3, 8.98],
						"1.5": [-13.47, -14.3, 9.98],
						"1.6667": [-11.97, -9.3, 6.98],
						"1.8333": [-8.52, -10.3, 3.08],
						"1.9167": [-8.52, -11.05, 2.58],
						"2.0208": [-8.52, -11.05, 2.58],
						"2.1042": [-10.12, -11.44, 6.55],
						"2.25": [-10.42, -12.22, 12.71],
						"2.2917": [-10.46, -12.32, 13.48],
						"2.375": [-10.26, -11.72, 12.08],
						"2.5": [-9.46, -9.32, 6.48],
						"2.625": [-8.52, -10.3, 3.08],
						"2.75": [-8.52, -11.05, 2.58],
						"2.7917": [-8.76, -11.21, 3.94],
						"2.875": [-10.18, -12.14, 11.89],
						"2.9167": [-10.46, -12.32, 13.48],
						"3.0": [-10.13, -11.48, 12.59],
						"3.1042": [-8.97, -8.55, 9.48],
						"3.1458": [-8.92, -8.55, 9.09],
						"3.2708": [-8.57, -8.55, 6.09],
						"3.3333": [-8.47, -8.55, 5.23],
						"3.4167": [-8.47, -8.55, 5.23],
						"3.5833": [-10.47, -11.55, 5.23],
						"3.7917": [-10.13, -11.91, 5.32],
						"3.9375": [-12.22, -12.89, 5.56],
						"4.0208": [-11.58, -13.17, 5.63],
						"4.1875": [-7.81, -14.82, 6.04],
						"4.2708": [-7.13, -15.12, 6.12],
						"4.5": [-6.725, -15.55, 6.225]
					},
					"scale": [1, 1.5, 1]
				},
				"constraint": {
					"rotation": [1, 1, 1],
					"position": [1, 1, 1]
				},
				"root": {
					"rotation": {
						"0.0": [0, 0, 0],
						"0.125": [-2.5, -3.62, 2.99],
						"0.2708": [-10.85, -15.73, 12.78],
						"0.375": [-25.82, -22.51, 40.61],
						"0.4167": [-31.81192, -26.66144, 45.79138],
						"0.4583": [-32.78, -34.725, 41.00121],
						"0.5": [-33.75, -44.23, 40.34601],
						"0.5625": [-35.2, -51.05, 44.34581],
						"0.625": [-38.68, -56.1, 46.41],
						"0.7292": [-47.5825, -53.9, 51.846],
						"0.8125": [-55.03244, -47.28078, 68.14808],
						"0.875": [-53.8225, -49.04, 65.3152],
						"0.9375": [-40.5, -54.69, 50.185],
						"1.0": [-38.68, -56.1, 46.41],
						"1.0625": [-42.25, -56.1, 46.41],
						"1.1667": [-53.7425, -56.1, 46.41],
						"1.2083": [-55.1425, -52.6625, 46.41],
						"1.25": [-52.95, -57.1, 46.41],
						"1.4167": [-41.97, -56.1, 46.41],
						"1.8542": [-41.48, -56.1, 46.41],
						"1.9167": [-47.38, -56.1, 46.41],
						"1.9583": [-48.86, -56.1, 46.41],
						"2.3333": [-40.85, -56.1, 46.41],
						"2.5": [-39.16, -56.1, 46.41],
						"2.6458": [-39.13, -56.1, 46.41],
						"2.7292": [-45.35, -56.1, 46.41],
						"2.7708": [-46.6, -56.1, 46.41],
						"2.9792": [-40.21, -56.1, 46.41],
						"3.2708": [-38.99, -56.1, 46.41],
						"3.3333": [-41.57, -53.94, 49.73],
						"3.375": [-49.3, -47.46, 59.69],
						"3.4167": [-51.87032, -45.29818, 63.01217],
						"3.4583": [-48.46, -46.88, 58.95],
						"3.5625": [-21.93, -59.15, 27.32],
						"3.6458": [-14.35602, -62.65734, 18.28607],
						"3.7083": [-19.22, -61.35, 23.91],
						"3.7917": [-35.9, -56.85, 43.2],
						"3.8542": [-38.68, -56.1, 46.41],
						"3.9167": [-36.18, -52.48, 43.42],
						"4.125": [-12.92, -18.75, 17.26],
						"4.2708": [-5.17, -7.5, 8.2],
						"4.5": [0, 0, 0]
					},
					"position": {
						"0.0": [0, 0, 0],
						"0.125": [0.01, -0.3075, 0.1],
						"0.2083": [0.02, -1.1931, 0.25],
						"0.2708": [0.02, -1.3548, 0.37],
						"0.3333": [0.03, -1.0828, 0.49],
						"0.4375": [0.05, -1.0525, 0.89],
						"0.5625": [0.08, -1.7, 1.37],
						"0.6458": [0.09, -1.87, 1.5],
						"0.9167": [0.09, -1.91625, 1.5],
						"1.0625": [0.09, -2.17, 1.5],
						"1.1667": [0.09, -2.615, 1.5],
						"1.2083": [0.09, -2.62, 1.5],
						"1.2708": [0.09, -1.795, 1.5],
						"1.3125": [0.09, -1.62, 1.5],
						"1.375": [0.201, -1.745, 1.2325],
						"1.4583": [0.45, -2.58, 0.25],
						"1.5": [0.5, -2.77, 0.22],
						"1.5833": [0.7042, -2.745, 0.7675],
						"1.6875": [0.72, -2.1575, 1.07],
						"1.8542": [0.72, -1.93, 1.07],
						"1.875": [0.72, -2.0125, 1.07],
						"1.9167": [0.72, -2.75, 1.07],
						"1.9583": [0.72, -2.96, 1.07],
						"2.0417": [0.72, -2.82, 1.07],
						"2.1875": [0.74, -2.19, 1.06],
						"2.375": [0.7412, -2.0575, 1.06],
						"2.4583": [0.6228, -1.87, 1.14],
						"2.5625": [0.1936, -1.87, 1.43],
						"2.6458": [0.18, -1.87, 1.44],
						"2.6875": [0.27, -2.05, 1.38],
						"2.7292": [0.61, -2.73, 1.15],
						"2.7708": [0.72, -2.96, 1.07],
						"2.875": [0.61, -2.655, 1.14],
						"2.9792": [0.19, -2.05, 1.43],
						"3.1458": [0.09, -1.87, 1.5],
						"3.2083": [0.24, -1.87, 1.42],
						"3.2708": [0.65, -1.87, 1.22],
						"3.3333": [0.92, -1.87, 1.08],
						"3.4167": [1.09, -1.87, 1],
						"3.8542": [0.09, -1.87, 1.5],
						"3.9167": [0.08, -1.8125, 1.4],
						"4.0417": [0.05, -1.58, 0.87],
						"4.0833": [0.04, -1.235, 0.69],
						"4.125": [0.03, -0.015, 0.51],
						"4.1875": [0.02, 0.2925, 0.41],
						"4.2708": [0.01, 0.235, 0.28],
						"4.3542": [0.01, 0.06, 0.15],
						"4.5": [0, 0, 0]
					}
				},
				"clip": {
					"scale": 0
				},
				"bullet": {
					"rotation": {
						"1.0417": [0, 0, 0],
						"1.1667": [-42.5, 0, 0],
						"1.2292": [-57.44, -6, -26.6],
						"1.3333": [-146.98, -52.31, -231.76],
						"1.375": [-161.90127, -60.03368, -265.95456],
						"1.4167": [-140.72, -59.63, -290.93],
						"1.4583": [-54.13, -58.28, -374.19],
						"1.5": [-4.33339, -57.60009, -415.81583],
						"1.6667": [-22.5, 0, -414],
						"1.8333": [0, 0, -414],
						"2.2708": [0, 0, -414],
						"2.2917": [-25, 0, 0],
						"2.5": [0, 0, 0]
					},
					"position": {
						"0.9167": [0, 0, -4],
						"1.0417": [0, 0, -1.25],
						"1.1667": [0, 1, 0],
						"1.2917": [-3, 4, 2.4],
						"1.375": [-5.5, 0.75, 4.75],
						"1.5": [-6.5, -3.75, 6],
						"1.6667": [-3.25, 2.13, 3],
						"1.8333": [0, 1, 0],
						"1.9167": [0, 0, 0],
						"2.2708": [0, 0, 0],
						"2.2917": [-3, -1, 10],
						"2.5": [-1, 2.33, 3.33],
						"2.625": [0, 1, 0],
						"2.7292": [0, 0, 0],
						"3.1042": [0, 0, 0],
						"3.1875": [0, 0, -0.8],
						"3.2708": [0, 0, -3.47],
						"3.3125": [0, 0, -4]
					},
					"scale": {
						"1.8958": [1, 1, 1],
						"1.9167": [0, 0, 0],
						"2.2708": [0, 0, 0],
						"2.2917": [1, 1, 1]
					}
				},
				"bolt": {
					"rotation": {
						"0.8958": [0, 0, 0],
						"1.125": [0, 0, 0],
						"3.1042": [0, 0, 0],
						"3.3333": [0, 0, 0]
					},
					"position": {
						"0.8958": [0, 0, 0],
						"0.9375": [0, 0, 0.41],
						"1.0833": [0, 0, 4.1125],
						"1.125": [0, 0, 4.5],
						"3.1042": [0, 0, 4.5],
						"3.1458": [0, 0, 4.09],
						"3.2917": [0, 0, 0.45],
						"3.3333": [0, 0, 0]
					}
				},
				"bolt_front": {
					"rotation": {
						"0.6458": [0, 0, 0],
						"0.6875": [0, 0, 6.8575],
						"0.7708": [0, 0, 72.25],
						"0.8125": [0, 0, 80],
						"0.8958": [0, 0, 80],
						"3.3333": [0, 0, 80],
						"3.4167": [0, 0, 80],
						"3.4583": [0, 0, 72.9375],
						"3.5417": [0, 0, 10.81],
						"3.5833": [0, 0, 0]
					},
					"position": {
						"0.6458": [0, 0, 0],
						"0.8125": [0, 0, 0],
						"0.8958": [0, 0, 0],
						"3.3333": [0, 0, 0],
						"3.4167": [0, 0, 0],
						"3.5833": [0, 0, 0]
					}
				},
				"allbullet": {
					"rotation": {
						"1.9167": [0, 0, 0],
						"2.0208": [0, 0, 0],
						"2.2083": [0, 0, 0]
					}
				},
				"otherbullet": {
					"position": {
						"1.1042": [0, 0, 0],
						"1.1667": [0, 0.5, 0],
						"1.8542": [0, 0.5, 0],
						"1.9167": [0, 0, 0],
						"1.9375": [0, 0.5, 0],
						"2.625": [0, 0.5, 0],
						"2.7292": [0, 0, 0]
					}
				},
				"camera": {
					"rotation": {
						"0.0": {
							"post": [0, 0, 0],
							"lerp_mode": "catmullrom"
						},
						"0.375": {
							"post": [0, 0, -0.07],
							"lerp_mode": "catmullrom"
						},
						"0.4583": {
							"post": [0, 0, 1],
							"lerp_mode": "catmullrom"
						},
						"0.5208": {
							"post": [0, 0, 0],
							"lerp_mode": "catmullrom"
						},
						"0.7083": {
							"post": [0, 0, 0.33],
							"lerp_mode": "catmullrom"
						},
						"0.8333": {
							"post": [0, 0, 1],
							"lerp_mode": "catmullrom"
						},
						"0.9167": {
							"post": [0, 0, 0],
							"lerp_mode": "catmullrom"
						},
						"1.0208": {
							"post": [0, 0, 0.315],
							"lerp_mode": "catmullrom"
						},
						"1.125": {
							"post": [0, 0, -2],
							"lerp_mode": "catmullrom"
						},
						"1.2708": {
							"post": [0, 0, 0.6175],
							"lerp_mode": "catmullrom"
						},
						"1.3333": {
							"post": [0, 0, 0.375],
							"lerp_mode": "catmullrom"
						},
						"1.4167": {
							"post": [0, 0, 2.98],
							"lerp_mode": "catmullrom"
						},
						"1.5208": {
							"post": [0, 0, 0],
							"lerp_mode": "catmullrom"
						},
						"1.625": {
							"post": [0, 0, 0.42],
							"lerp_mode": "catmullrom"
						},
						"1.7083": {
							"post": [0, 0, -0.15],
							"lerp_mode": "catmullrom"
						},
						"1.8958": {
							"post": [0, 0, 0.595],
							"lerp_mode": "catmullrom"
						},
						"1.9792": {
							"post": [0, 0, 2.75],
							"lerp_mode": "catmullrom"
						},
						"2.0833": {
							"post": [0, 0, 2.41],
							"lerp_mode": "catmullrom"
						},
						"2.2917": {
							"post": [0, 0, 0.28],
							"lerp_mode": "catmullrom"
						},
						"2.5833": {
							"post": [0, 0, 1.05],
							"lerp_mode": "catmullrom"
						},
						"2.6458": {
							"post": [0, 0, 0.595],
							"lerp_mode": "catmullrom"
						},
						"2.7708": {
							"post": [0, 0, 2.75],
							"lerp_mode": "catmullrom"
						},
						"2.8333": {
							"post": [0, 0, 2.47],
							"lerp_mode": "catmullrom"
						},
						"3.1042": {
							"post": [0, 0, -0.167],
							"lerp_mode": "catmullrom"
						},
						"3.1667": {
							"post": [0, 0, 0.04],
							"lerp_mode": "catmullrom"
						},
						"3.2292": {
							"post": [0, 0, -0.4361],
							"lerp_mode": "catmullrom"
						},
						"3.3542": {
							"post": [0, 0, -0.0635],
							"lerp_mode": "catmullrom"
						},
						"3.4167": {
							"post": [0, 0, -1],
							"lerp_mode": "catmullrom"
						},
						"3.4792": {
							"post": [0, 0, -0.85],
							"lerp_mode": "catmullrom"
						},
						"3.6042": {
							"post": [0, 0, 0],
							"lerp_mode": "catmullrom"
						},
						"3.6667": {
							"post": [0, 0, -1.5],
							"lerp_mode": "catmullrom"
						},
						"3.7083": {
							"post": [0, 0, 0.5],
							"lerp_mode": "catmullrom"
						},
						"3.8958": {
							"post": [0, 0, 0],
							"lerp_mode": "catmullrom"
						}
					}
				}
			},
			"sound_effects": {
				"0.3125": {
					"effect": "hamster:gew98/gew98_handing_1"
				},
				"0.6875": {
					"effect": "hamster:gew98/gew98_openbolt"
				},
				"1.3542": {
					"effect": "hamster:gew98/gew98_handing_3"
				},
				"1.8542": {
					"effect": "hamster:gew98/gew98_singlereload"
				},
				"2.6042": {
					"effect": "hamster:gew98/gew98_singlereload"
				},
				"3.2708": {
					"effect": "hamster:gew98/gew98_closebolt_2"
				},
				"4.1875": {
					"effect": "hamster:gew98/gew98_handing_2"
				}
			}
		},
		"bolt": {
			"animation_length": 1.625,
			"bones": {
				"leftHand": {
					"rotation": [74.09999, -12.80314, -111.33658],
					"position": [7.15, -14.02, -6.82],
					"scale": [1, 1.5, 1]
				},
				"rightHand": {
					"rotation": {
						"0.0": [84.32102, 14.82897, -180.27891],
						"0.25": [84.32, 14.83, -180.28],
						"0.375": [120.1854, 15.63444, -149.17145],
						"0.6875": [150.99824, 9.09386, -145.40216],
						"0.8333": [150.99824, 9.09386, -145.40216],
						"1.1458": [120.1854, 15.63444, -149.17145],
						"1.2708": [101.5075, 14.83, -180.28],
						"1.375": [94.32042, 14.82957, -180.27955],
						"1.5208": [84.32102, 14.82897, -180.27891]
					},
					"position": {
						"0.0": [-6.725, -15.55, 6.225],
						"0.0833": [-7.43, -14.88, 6.06],
						"0.125": [-10.42, -14.22, 5.77],
						"0.1875": [-11.78, -11.97, 5.33],
						"0.25": [-10.97, -11.55, 5.23],
						"0.3333": [-9.3, -8.22, 4.81],
						"0.375": [-8.97, -7.55, 4.73],
						"0.4583": [-8.97, -7.55, 4.73],
						"0.5208": [-8.97, -7.55, 5.87],
						"0.6042": [-8.97, -7.55, 8.73],
						"0.6875": [-8.97, -7.55, 9.48],
						"0.8333": [-8.97, -7.55, 9.48],
						"0.8958": [-8.97, -7.55, 8.85],
						"1.0": [-8.97, -7.55, 5.76],
						"1.0625": [-8.97, -7.55, 4.73],
						"1.1458": [-8.97, -7.55, 4.73],
						"1.2083": [-9.64, -8.88, 4.9],
						"1.2708": [-10.97, -11.55, 5.23],
						"1.3333": [-11.51, -12.22, 5.4],
						"1.3958": [-9.11, -14.77, 5.78],
						"1.4375": [-7.51, -15.56, 6.04],
						"1.5208": [-6.725, -15.55, 6.225]
					},
					"scale": [1, 1.5, 1]
				},
				"constraint": {
					"rotation": {
						"0.0": [1, 1, 1],
						"1.0417": [1, 1, 1],
						"1.1667": [0.91, 0.91, 0.91],
						"1.5": [0.33, 0.33, 0.33],
						"1.625": [0.2, 0.2, 0.2]
					},
					"position": {
						"0.0": [1, 1, 1],
						"1.0417": [1, 1, 1],
						"1.1875": [0.89, 0.89, 0.89],
						"1.5": [0.3, 0.3, 0.3],
						"1.625": [0.2, 0.2, 0.2]
					}
				},
				"root": {
					"rotation": {
						"0.0": [0, 0, 0],
						"0.0625": [-0.21, -0.42, -0.83],
						"0.1875": [-1.99, -3.98, -8.3875],
						"0.25": [-2.50048, -4.99999, -9.98906],
						"0.2917": [-2.58, -4.95, -9.05],
						"0.375": [-3.04, -4.67, -0.57],
						"0.4167": [-2.19334, -4.61471, 0.52659],
						"0.4583": [-3.5275, -4.64, 0.1],
						"0.5417": [-2.76, -4.84, -6.69],
						"0.6042": [-3.20491, -4.92, -9.41],
						"0.6458": [-3.94667, -4.93, -9.51],
						"0.6875": [-6.69118, -4.98, -9.87],
						"0.7292": [-7.60073, -4.99999, -9.98906],
						"0.8125": [-6.17195, -5, -9.99],
						"0.9375": [-1.63348, -5, -9.99],
						"1.0": [0.54716, -5, -9.99],
						"1.0417": [-0.23684, -4.6875, -8.99],
						"1.0833": [0.16116, -5, -7.99],
						"1.1458": [-2.50048, -4.99999, -8.48906],
						"1.2083": [-3.08, -4.17, -11.57061],
						"1.25": [-3.47771, -3.33212, -19.8165],
						"1.2708": [-2.7875, -3.48, -18.19391],
						"1.3125": [-1.24, -1.53, -5.695],
						"1.3333": [-0.46, -0.93, -1.5125],
						"1.3958": [0, 0, 0]
					},
					"position": {
						"0.0": {
							"post": [0, 0, 0],
							"lerp_mode": "catmullrom"
						},
						"0.0625": {
							"post": [-0.2, -0.23, 0],
							"lerp_mode": "catmullrom"
						},
						"0.1667": {
							"post": [-1.63, -1.84, 0],
							"lerp_mode": "catmullrom"
						},
						"0.25": {
							"post": [-2, -2.25, -0.125],
							"lerp_mode": "catmullrom"
						},
						"0.375": {
							"post": [-2.02, -2.27, -0.625],
							"lerp_mode": "catmullrom"
						},
						"0.5": {
							"post": [-2.03, -2.28, -0.8825],
							"lerp_mode": "catmullrom"
						},
						"0.6667": {
							"post": [-2.03, -2.5925, 0.915],
							"lerp_mode": "catmullrom"
						},
						"0.8333": {
							"post": [-2.04, -2.4775, 0.77],
							"lerp_mode": "catmullrom"
						},
						"1.0208": {
							"post": [-2.05, -2.3, -0.37],
							"lerp_mode": "catmullrom"
						},
						"1.2083": {
							"post": [-2, -2.25, 0],
							"lerp_mode": "catmullrom"
						},
						"1.3125": {
							"post": [-1.58, -1.78, 0],
							"lerp_mode": "catmullrom"
						},
						"1.4583": {
							"post": [-0.33, -0.37, 0],
							"lerp_mode": "catmullrom"
						},
						"1.625": {
							"post": [0, 0, 0],
							"lerp_mode": "catmullrom"
						}
					}
				},
				"bullet": {
					"rotation": {
						"0.6042": [0, 0, 0],
						"0.6875": [-40.5, 0, 0],
						"0.75": [-55.44, -6, -26.6],
						"0.8125": [-144.98, -52.31, -231.76],
						"0.8542": [-159.90127, -60.03368, -265.95456],
						"0.9583": [-312.4, -60.03, -265.95]
					},
					"position": {
						"0.4792": [0, 0, -4],
						"0.6042": [0, 0, -1.25],
						"0.7292": [-0.75, 3.25, 0],
						"0.8542": [-4.25, 4, 0.4],
						"0.9375": [-11.5, -5.25, 1.75],
						"1.0": [-11.5, -15.25, 3.75]
					},
					"scale": {
						"0.9375": [1, 1, 1],
						"1.0": [0, 0, 0]
					}
				},
				"bullet_head": {
					"scale": 0
				},
				"otherbullet": {
					"position": {
						"0.6875": [0, 0, 0],
						"0.75": [0, 0.5, 0]
					}
				},
				"bolt": {
					"position": {
						"0.4583": [0, 0, 0],
						"0.5": [0, 0, 0.41],
						"0.6458": [0, 0, 4.1125],
						"0.6875": [0, 0, 4.5],
						"0.8125": [0, 0, 4.5],
						"0.8542": [0, 0, 4.1125],
						"1.0": [0, 0, 0.41],
						"1.0417": [0, 0, 0]
					}
				},
				"bolt_front": {
					"rotation": {
						"0.2083": [0, 0, 0],
						"0.25": [0, 0, 6.8575],
						"0.3333": [0, 0, 72.25],
						"0.375": [0, 0, 80],
						"0.4583": [0, 0, 80],
						"1.0417": [0, 0, 81],
						"1.125": [0, 0, 81],
						"1.1667": [0, 0, 73.25],
						"1.25": [0, 0, 7.8575],
						"1.2917": [0, 0, 0]
					}
				},
				"camera": {
					"rotation": {
						"0.25": {
							"pre": [0, 0, 0],
							"post": [0, 0, 0],
							"lerp_mode": "catmullrom"
						},
						"0.3542": {
							"post": [0, 0, -1.3125],
							"lerp_mode": "catmullrom"
						},
						"0.3958": {
							"post": [0, 0, 0.5625],
							"lerp_mode": "catmullrom"
						},
						"0.4792": {
							"post": [0, 0, 0],
							"lerp_mode": "catmullrom"
						},
						"0.5625": {
							"post": [0, 0, -0.24462],
							"lerp_mode": "catmullrom"
						},
						"0.7292": {
							"post": [0, 0, 0.39597],
							"lerp_mode": "catmullrom"
						},
						"0.7917": {
							"post": [0, 0, -0.8852],
							"lerp_mode": "catmullrom"
						},
						"0.8333": {
							"post": [0, 0, -0.24462],
							"lerp_mode": "catmullrom"
						},
						"0.9167": {
							"post": [0, 0, -0.24462],
							"lerp_mode": "catmullrom"
						},
						"1.0": {
							"post": [0, 0, 0.19579],
							"lerp_mode": "catmullrom"
						},
						"1.0417": {
							"post": [0, 0, -0.24462],
							"lerp_mode": "catmullrom"
						},
						"1.125": {
							"post": [0, 0, -0.24462],
							"lerp_mode": "catmullrom"
						},
						"1.2708": {
							"post": [0, 0, 1.125],
							"lerp_mode": "catmullrom"
						},
						"1.3125": {
							"post": [0, 0, -0.3125],
							"lerp_mode": "catmullrom"
						},
						"1.375": {
							"post": [0, 0, 0.3125],
							"lerp_mode": "catmullrom"
						},
						"1.4792": {
							"post": [0, 0, -0.25],
							"lerp_mode": "catmullrom"
						},
						"1.6042": {
							"post": [0, 0, 0],
							"lerp_mode": "catmullrom"
						}
					}
				}
			},
			"sound_effects": {
				"0.25": {
					"effect": "hamster:gew98/gew98_openbolt"
				},
				"0.8125": {
					"effect": "hamster:gew98/gew98_closebolt_2"
				}
			}
		},
		"shoot": {
			"animation_length": 0.8667,
			"bones": {
				"root": {
					"rotation": {
						"0.0": {
							"post": [0, 0, 0],
							"lerp_mode": "catmullrom"
						},
						"0.0333": {
							"post": [1.02, 0.06, -0.3],
							"lerp_mode": "catmullrom"
						},
						"0.0667": {
							"post": [-16.3125, 1, -1.5],
							"lerp_mode": "catmullrom"
						},
						"0.1667": {
							"post": [-10.32, -1, 0.25],
							"lerp_mode": "catmullrom"
						},
						"0.3667": {
							"post": [-3.06, 0.33, -0.5],
							"lerp_mode": "catmullrom"
						},
						"0.4333": {
							"post": [-1.32, 0, 0],
							"lerp_mode": "catmullrom"
						},
						"0.4667": {
							"post": [0.1875, 0.75, 0],
							"lerp_mode": "catmullrom"
						},
						"0.5333": {
							"post": [1.5925, 0, 0],
							"lerp_mode": "catmullrom"
						},
						"0.5667": {
							"post": [1.095, 0, 0],
							"lerp_mode": "catmullrom"
						},
						"0.6": {
							"post": [-0.35563, 0, 0],
							"lerp_mode": "catmullrom"
						},
						"0.6333": {
							"post": [-0.26652, 0, 0],
							"lerp_mode": "catmullrom"
						},
						"0.7667": {
							"post": [0.14804, 0, 0],
							"lerp_mode": "catmullrom"
						},
						"0.8667": {
							"post": [0, 0, 0],
							"lerp_mode": "catmullrom"
						}
					},
					"position": {
						"0.0": {
							"post": [0, 0, 0],
							"lerp_mode": "catmullrom"
						},
						"0.0333": {
							"post": [0, -0.5625, 2],
							"lerp_mode": "catmullrom"
						},
						"0.2667": {
							"post": [0, 0.375, 1.285],
							"lerp_mode": "catmullrom"
						},
						"0.3667": {
							"post": [0, 0.3125, 0.65],
							"lerp_mode": "catmullrom"
						},
						"0.4667": {
							"post": [0, -0.125, 0.17],
							"lerp_mode": "catmullrom"
						},
						"0.6333": {
							"post": [0, 0, 0],
							"lerp_mode": "catmullrom"
						}
					}
				},
				"constraint": {
					"rotation": {
						"0.0": [1, 1, 1],
						"0.6333": [1, 1, 1],
						"0.8667": [0.2, 0.2, 0.2]
					},
					"position": {
						"0.0": [1, 1, 1],
						"0.6333": [1, 1, 1],
						"0.8667": [0.2, 0.2, 0.2]
					}
				},
				"camera": {
					"rotation": {
						"0.0": {
							"post": [0, 0, 0],
							"lerp_mode": "catmullrom"
						},
						"0.0333": {
							"post": [0, 0, 3],
							"lerp_mode": "catmullrom"
						},
						"0.0667": {
							"post": [0, 0, -1],
							"lerp_mode": "catmullrom"
						},
						"0.1333": {
							"post": [0, 0, 0.5],
							"lerp_mode": "catmullrom"
						},
						"0.2": {
							"post": [0, 0, -0.25],
							"lerp_mode": "catmullrom"
						},
						"0.3333": {
							"post": [0, 0, 0],
							"lerp_mode": "catmullrom"
						}
					}
				}
			}
		},
		"inspect": {
			"animation_length": 3.875,
			"bones": {
				"leftHand": {
					"rotation": {
						"0.0": [74.09999, -12.80314, -111.33658],
						"0.125": [69.2, -13.09, -107.31],
						"0.4375": [35.8, -15.05, -79.86],
						"0.5833": [28.38221, -15.48688, -73.75985],
						"1.6667": [25.88, -15.49, -73.76],
						"1.75": [26.11, -15.78, -81.19],
						"1.9583": [41.51, -17.52, -125.75],
						"2.1042": [18.68, -18.83, -159.17],
						"2.1875": [13.60708, -19.12287, -166.59846],
						"3.2708": [13.61, -19.12, -166.6],
						"3.3542": [23.2, -19.95, -161.63],
						"3.6458": [54.90093, -26.60243, -121.84076],
						"3.7917": [70.61, -15.31, -113.25],
						"3.875": [74.09999, -12.80314, -111.33658]
					},
					"position": {
						"0.0": [7.15, -14.02, -6.82],
						"0.5833": [6.15, -15.02, -6.82],
						"1.6667": [6.15, -15.02, -6.82],
						"2.1875": [8.15, -12.02, -6.82],
						"3.2708": [8.15, -12.02, -6.82],
						"3.875": [7.15, -14.02, -6.82]
					},
					"scale": [1, 1.5, 1]
				},
				"rightHand": {
					"rotation": {
						"0.0": [84.32102, 14.82897, -180.27891],
						"1.6667": [84.32, 14.83, -180.28],
						"2.1875": [45.97948, 10.0746, -193.16783],
						"3.2708": [45.98, 10.07, -193.17],
						"3.875": [84.32102, 14.82897, -180.27891]
					},
					"position": {
						"0.0": [-6.725, -15.55, 6.225],
						"1.6667": [-6.72, -15.55, 6.23],
						"2.1875": [-7.72, -15.55, 6.23],
						"3.2708": [-7.72, -15.55, 6.23],
						"3.875": [-6.725, -15.55, 6.225]
					},
					"scale": [1, 1.5, 1]
				},
				"constraint": {
					"rotation": [1, 1, 1],
					"position": [1, 1, 1]
				},
				"root": {
					"rotation": {
						"0.0": [0, 0, 0],
						"0.1667": [0.04, -5.94, -0.46],
						"0.375": [-6.435, -25.75, -2],
						"0.5208": [-21.485, -48.04, -3.73],
						"0.5833": [-23.96153, -55.47114, -4.30661],
						"1.2292": [-21.8525, -59.17, -3.11],
						"1.5833": [-10.21, -60.02, -2.83],
						"1.6667": [-10.31599, -60.39915, -2.70984],
						"1.7917": [-12.23, -47.89, 8.94],
						"2.0833": [-44.09, 29.33, 80.91],
						"2.1458": [-48.39, 45.77, 94.1875],
						"2.1875": [-51.25502, 43.80569, 94.40055],
						"2.7292": [-36.07295, 56.07658, 114.04964],
						"3.2708": [-51.26, 43.81, 94.4],
						"3.5": [-46.81655, 27.19241, 58.5931],
						"3.6458": [-20.59, 12.32, 26.54],
						"3.7708": [-4.2, 3.02, 6.51],
						"3.875": [0, 0, 0]
					},
					"position": {
						"0.0": [0, 0, 0],
						"0.125": [-0.32, -0.11, -0.21],
						"0.2917": [-1.18, -0.4, -0.79],
						"0.4792": [-2.76, -0.92, -1.84],
						"0.5833": [-3, -1, -2],
						"0.6875": [-2.77, -0.83, -2],
						"1.1667": [-0.09, 1.18, -2],
						"1.4375": [0.68, 1.76, -2],
						"1.6667": [1, 2, -2],
						"2.1875": [1, 2, -2],
						"2.3125": [1, 2, -1.65],
						"2.4375": [0.72, 1.92, -1.36],
						"2.6042": [-0.01, 1.73, -0.63],
						"2.8333": [-1.72, 1.27, 1.08],
						"3.0208": [-2.2234, 1.13, 1.59418],
						"3.1667": [-2.15, 1.08, 1.41],
						"3.3125": [-1.83, 0.92, 1.2],
						"3.4792": [-0.86, 0.18, 0.57],
						"3.5833": [-0.39, -1.37, 0.26],
						"3.6458": [-0.23, -1.89, 0.15],
						"3.6875": [-0.16, -1.465, 0.11],
						"3.75": [-0.06, -0.52, 0.04],
						"3.875": [0, 0, 0]
					}
				}
			}
		}
	}
}