{
	"format_version": "1.8.0",
	"animations": {
		"static_idle": {
			"animation_length": 0.1,
			"bones": {
				"rightHand": {
					"rotation": [84.32102, 14.82897, -180.27891],
					"position": [-6.725, -15.55, 6.225],
					"scale": [1, 1.5, 1]
				},
				"leftHand": {
					"rotation": [74.09999, -12.80314, -111.33658],
					"position": [7.15, -14.02, -6.82],
					"scale": [1, 1.5, 1]
				},
				"constraint": {
					"rotation": [0.2, 0.2, 0.2],
					"position": [0.2, 0.2, 0.2]
				}
			}
		},
		"draw": {
			"animation_length": 0.75,
			"bones": {
				"root": {
					"rotation": {
						"0.0": [-43.48559, -61.35556, 51.91024],
						"0.0833": [-40.35, -54.78, 47.56],
						"0.2292": [-24.66, -21.89, 25.79],
						"0.3542": [-21.13, -11.24, 18.74],
						"0.4583": [-19.18694, -6.67573, 15.71514],
						"0.5417": [-13.53, -5.4, 12.72],
						"0.6458": [-2.74, -0.95, 2.25],
						"0.75": [0, 0, 0]
					},
					"position": {
						"0.0": [0, -10, 0],
						"0.0833": [-0.02, -9.3325, 0],
						"0.2083": [-0.36, -6.81, 0],
						"0.2708": [-0.44, -3.43, 0],
						"0.3125": [-0.46, -2.68, 0],
						"0.3958": [-0.49, -3.01425, 0],
						"0.4583": [-0.5, -2.96045, 0],
						"0.5208": [-0.41, -1.7725, 0],
						"0.5625": [-0.23, 0.4425, 0],
						"0.625": [-0.17, 1.205, 0],
						"0.6875": [-0.07, 0.4, 0],
						"0.75": [0, 0, 0]
					}
				},
				"rightHand": {
					"rotation": [84.32102, 14.82897, -180.27891],
					"position": [-6.725, -15.55, 6.225],
					"scale": [1, 1.5, 1]
				},
				"leftHand": {
					"rotation": {
						"0.0": [74.09999, -12.80314, -111.33658],
						"0.0625": [72.93, -12.8, -111.34],
						"0.2292": [59.32, -12.8, -111.34],
						"0.3125": [56.6, -12.8, -111.34],
						"0.3542": [59.1, -12.8, -111.34],
						"0.4167": [71.1, -12.8, -111.34],
						"0.4583": [74.1, -12.8, -111.34]
					},
					"position": {
						"0.0": [7.15, -14.02, -6.82],
						"0.3125": [7.15, -14.02, -6.82],
						"0.375": [7.65, -15.02, -6.82],
						"0.4583": [7.15, -14.02, -6.82]
					},
					"scale": [1, 1.5, 1]
				},
				"idle_view": {
					"rotation": {
						"0.0": [0, 0, 0],
						"0.0417": [0, 0, 0.12],
						"0.0833": [0, 0, 0.4375],
						"0.125": [0, 0, 0.6025],
						"0.1667": [0, 0, 0.32],
						"0.2292": [0, 0, 0.345],
						"0.3125": [0, 0, 0.875],
						"0.375": [0, 0, 1.825],
						"0.4167": [0, 0, 2],
						"0.4583": [0, 0, 1.7875],
						"0.5": [0, 0, 0.5],
						"0.5625": [0, 0, -0.8],
						"0.6042": [0, 0, -1],
						"0.6458": [0, 0, -0.845],
						"0.6875": [0, 0, -0.17],
						"0.75": [0, 0, 0]
					}
				},
				"camera": {
					"rotation": {
						"0.0": [0, 0, 0],
						"0.0417": [0, 0, 0.12],
						"0.0833": [0, 0, 0.4375],
						"0.125": [0, 0, 0.6025],
						"0.1667": [0, 0, 0.32],
						"0.2292": [0, 0, 0.345],
						"0.3125": [0, 0, 0.875],
						"0.375": [0, 0, 1.825],
						"0.4167": [0, 0, 2],
						"0.4583": [0, 0, 1.7875],
						"0.5": [0, 0, 0.5],
						"0.5625": [0, 0, -0.8],
						"0.6042": [0, 0, -1],
						"0.6458": [0, 0, -0.845],
						"0.6875": [0, 0, -0.17],
						"0.75": [0, 0, 0]
					}
				},
				"constraint": {
					"rotation": [0.2, 0.2, 0.2],
					"position": [0.2, 0.2, 0.2]
				}
			},
			"sound_effects": {
				"0.0417": {
					"effect": "hamster:gew98/gew98_handing_1"
				},
				"0.3333": {
					"effect": "hamster:gew98/gew98_handing_4"
				}
			}
		},
		"put_away": {
			"animation_length": 0.7708,
			"bones": {
				"root": {
					"rotation": {
						"0.0": [0, 0, 0],
						"0.0625": [-3.78, -9.35, 7.74],
						"0.125": [-9.82, -21.22, 17.56],
						"0.1667": [-21.14, -44.07, 35.98],
						"0.2083": [-24.91, -53.025, 42.12],
						"0.25": [-28.67731, -53.97435, 41.10087],
						"0.2917": [-29.63, -53.235, 44.7],
						"0.3333": [-30.58, -49.74, 42.99],
						"0.4375": [-21.83, -19.49, 26.69],
						"0.5": [-12.58, -9.4, 21.26],
						"0.6042": [0.14573, -2.06235, 17.30664],
						"0.7083": [6.9, -2.06, 17.31],
						"0.7708": [9.15, -2.06, 17.31]
					},
					"position": {
						"0.0": [0, 0, 0],
						"0.1042": [-0.15, -0.15, 0.42],
						"0.25": [-0.91, -0.87, 2.5],
						"0.3333": [-2.21, -2.66, 3.38],
						"0.5208": [-8.05, -10.69, 7.35],
						"0.6667": [-9, -18, 13.25],
						"0.7708": [-9, -20, 15]
					}
				},
				"rightHand": {
					"rotation": [84.32102, 14.82897, -180.27891],
					"position": [-6.725, -15.55, 6.225],
					"scale": [1, 1.5, 1]
				},
				"leftHand": {
					"rotation": {
						"0.0": [74.09999, -12.80314, -111.33658],
						"0.1875": [74.1, -12.8, -111.34],
						"0.3125": [51.6, -12.8, -111.34]
					},
					"position": {
						"0.0": [7.15, -14.02, -6.82],
						"0.1875": [7.15, -14.02, -6.82],
						"0.25": [8.15, -15.02, -6.82],
						"0.3125": [7.15, -14.02, -6.82]
					},
					"scale": [1, 1.5, 1]
				},
				"constraint": {
					"rotation": [0.2, 0.2, 0.2],
					"position": [0.2, 0.2, 0.2]
				},
				"idle_view": {
					"rotation": {
						"0.0": {
							"post": [0, 0, 0],
							"lerp_mode": "catmullrom"
						},
						"0.0625": {
							"post": [0, 0, 0.17],
							"lerp_mode": "catmullrom"
						},
						"0.125": {
							"post": [0, 0, 0.71],
							"lerp_mode": "catmullrom"
						},
						"0.1875": {
							"post": [0, 0, 1.7775],
							"lerp_mode": "catmullrom"
						},
						"0.25": {
							"post": [0, 0, 1.6875],
							"lerp_mode": "catmullrom"
						},
						"0.3125": {
							"post": [0, 0, 1.7575],
							"lerp_mode": "catmullrom"
						},
						"0.375": {
							"post": [0, 0, 0.19],
							"lerp_mode": "catmullrom"
						},
						"0.4792": {
							"post": [0, 0, -0.75],
							"lerp_mode": "catmullrom"
						},
						"0.5417": {
							"post": [0, 0, -1],
							"lerp_mode": "catmullrom"
						},
						"0.5833": {
							"post": [0, 0, -0.71],
							"lerp_mode": "catmullrom"
						},
						"0.625": {
							"post": [0, 0, 0.1225],
							"lerp_mode": "catmullrom"
						},
						"0.6667": {
							"post": [0, 0, 0.3875],
							"lerp_mode": "catmullrom"
						},
						"0.7083": {
							"post": [0, 0, 0.1425],
							"lerp_mode": "catmullrom"
						},
						"0.7708": {
							"post": [0, 0, 0],
							"lerp_mode": "catmullrom"
						}
					}
				},
				"camera": {
					"rotation": {
						"0.0": {
							"post": [0, 0, 0],
							"lerp_mode": "catmullrom"
						},
						"0.0625": {
							"post": [0, 0, 0.17],
							"lerp_mode": "catmullrom"
						},
						"0.125": {
							"post": [0, 0, 0.71],
							"lerp_mode": "catmullrom"
						},
						"0.1875": {
							"post": [0, 0, 1.7775],
							"lerp_mode": "catmullrom"
						},
						"0.25": {
							"post": [0, 0, 1.6875],
							"lerp_mode": "catmullrom"
						},
						"0.3125": {
							"post": [0, 0, 1.7575],
							"lerp_mode": "catmullrom"
						},
						"0.375": {
							"post": [0, 0, 0.19],
							"lerp_mode": "catmullrom"
						},
						"0.4792": {
							"post": [0, 0, -0.75],
							"lerp_mode": "catmullrom"
						},
						"0.5417": {
							"post": [0, 0, -1],
							"lerp_mode": "catmullrom"
						},
						"0.5833": {
							"post": [0, 0, -0.71],
							"lerp_mode": "catmullrom"
						},
						"0.625": {
							"post": [0, 0, 0.1225],
							"lerp_mode": "catmullrom"
						},
						"0.6667": {
							"post": [0, 0, 0.3875],
							"lerp_mode": "catmullrom"
						},
						"0.7083": {
							"post": [0, 0, 0.1425],
							"lerp_mode": "catmullrom"
						},
						"0.7708": {
							"post": [0, 0, 0],
							"lerp_mode": "catmullrom"
						}
					}
				}
			},
			"sound_effects": {
				"0.0417": {
					"effect": "hamster:gew98/gew98_handing_1"
				},
				"0.4792": {
					"effect": "hamster:gew98/gew98_handing_2"
				}
			}
		},
		"run": {
			"loop": true,
			"animation_length": 0.6667,
			"bones": {
				"root": {
					"rotation": {
						"0.0": {
							"post": [-28.67731, -56.09935, 46.41337],
							"lerp_mode": "catmullrom"
						},
						"0.1667": {
							"post": [-32.83007, -59.26975, 50.16131],
							"lerp_mode": "catmullrom"
						},
						"0.3333": {
							"post": [-28.68, -56.1, 46.41],
							"lerp_mode": "catmullrom"
						},
						"0.5": {
							"post": [-25.54233, -52.77711, 41.40396],
							"lerp_mode": "catmullrom"
						},
						"0.6667": {
							"post": [-28.67731, -56.09935, 46.41337],
							"lerp_mode": "catmullrom"
						}
					},
					"position": {
						"0.0": {
							"post": [-0.91, -0.87, 2.5],
							"lerp_mode": "catmullrom"
						},
						"0.1": {
							"post": [-0.0225, -2.0597, 2.5],
							"lerp_mode": "catmullrom"
						},
						"0.1667": {
							"post": [0.09, -2.16, 2.5],
							"lerp_mode": "catmullrom"
						},
						"0.2333": {
							"post": [-0.34, -1.7975, 2.5],
							"lerp_mode": "catmullrom"
						},
						"0.3333": {
							"post": [-0.91, -0.87, 2.5],
							"lerp_mode": "catmullrom"
						},
						"0.4333": {
							"post": [-1.45, -1.755, 2.5],
							"lerp_mode": "catmullrom"
						},
						"0.5": {
							"post": [-1.91, -2.0975, 2.5],
							"lerp_mode": "catmullrom"
						},
						"0.5667": {
							"post": [-1.81, -1.8452, 2.5],
							"lerp_mode": "catmullrom"
						},
						"0.6667": {
							"post": [-0.91, -0.87, 2.5],
							"lerp_mode": "catmullrom"
						}
					}
				}
			}
		},
		"run_start": {
			"animation_length": 0.4,
			"bones": {
				"root": {
					"rotation": {
						"0.0": {
							"post": [0, 0, 0],
							"lerp_mode": "catmullrom"
						},
						"0.1667": {
							"post": [-7.83, -11.4, 9.43],
							"lerp_mode": "catmullrom"
						},
						"0.4": {
							"post": [-28.67731, -56.09935, 46.41337],
							"lerp_mode": "catmullrom"
						}
					},
					"position": {
						"0.0": {
							"post": [0, 0, 0],
							"lerp_mode": "catmullrom"
						},
						"0.1667": {
							"post": [-0.18, -0.18, 0.5],
							"lerp_mode": "catmullrom"
						},
						"0.4": {
							"post": [-0.91, -0.87, 2.5],
							"lerp_mode": "catmullrom"
						}
					}
				}
			}
		},
		"run_end": {
			"animation_length": 0.4,
			"bones": {
				"root": {
					"rotation": {
						"0.0": {
							"post": [-28.67731, -56.09935, 46.41337],
							"lerp_mode": "catmullrom"
						},
						"0.2333": {
							"post": [-7.83, -11.4, 9.43],
							"lerp_mode": "catmullrom"
						},
						"0.4": {
							"post": [0, 0, 0],
							"lerp_mode": "catmullrom"
						}
					},
					"position": {
						"0.0": {
							"post": [-0.91, -0.87, 2.5],
							"lerp_mode": "catmullrom"
						},
						"0.2667": {
							"post": [-0.18, -0.18, 0.5],
							"lerp_mode": "catmullrom"
						},
						"0.4": {
							"post": [0, 0, 0],
							"lerp_mode": "catmullrom"
						}
					}
				}
			}
		},
		"run_hold": {
			"loop": true,
			"animation_length": 0.2667,
			"bones": {
				"root": {
					"rotation": {
						"0.0": {
							"post": [-33.67731, -56.09935, 46.41337],
							"lerp_mode": "catmullrom"
						},
						"0.2667": {
							"post": [-33.67731, -56.09935, 46.41337],
							"lerp_mode": "catmullrom"
						}
					},
					"position": {
						"0.0": {
							"post": [-0.91, -0.87, 2.5],
							"lerp_mode": "catmullrom"
						},
						"0.2667": {
							"post": [-0.91, -0.87, 2.5],
							"lerp_mode": "catmullrom"
						}
					}
				}
			}
		},
		"melee_stock": {
			"animation_length": 2.1042,
			"bones": {
				"root": {
					"rotation": {
						"0.0": [0, 0, 0],
						"0.1042": [-13.5, -0.25, 1.87],
						"0.25": [-44.77, -0.82, 6.19],
						"0.4167": [-142.5, -2.62, 20.71],
						"0.4583": [-161.1752, -2.8, 18.81],
						"0.5": [-159.26588, -2.979, 22.41161],
						"0.5625": [-161.78, -2.87, 22.19],
						"0.8125": [-159.44358, -1.90818, 20.14932],
						"0.8542": [-165.065, -1.91, 23.15],
						"0.9167": [-159.44358, -1.90818, 20.14932],
						"1.0": [-152.8, -1.83, 19.31],
						"1.1667": [-98.01, -1.17, 35.39],
						"1.2708": [-83.99025, -3.1932, 31.6871],
						"1.4375": [-59.65, -0.71, 14.24],
						"1.6458": [-20.84, -0.25, 4.63],
						"1.75": [-4.17, -0.05, 1.73],
						"1.8542": [0, 0, 0]
					},
					"position": {
						"0.0": [0, 0, 0],
						"0.1042": [0.67, 0.42, 0.25],
						"0.2292": [2.42, 0.51, 0.91],
						"0.3333": [5.43, 1.39, 2.04],
						"0.3958": [7.23, 2.1781, 2.71],
						"0.4375": [7.69, 2.5629, 2.88],
						"0.5": [8, 2.7257, 3],
						"0.5625": [8, 2.7257, 4.39742],
						"0.625": [8, 2.7257, 9.57561],
						"0.6875": [8, 2.7257, 10.1874],
						"0.7292": [8, 2.7257, 9.5825],
						"0.75": [8, 2.7257, 2.44955],
						"0.7917": [8, 2.7257, 1.36723],
						"0.875": [8, 2.7257, 1.36723],
						"1.0417": [6.17, 2.5333, 1.47646],
						"1.0833": [5.2775, 2.2484, 1.40637],
						"1.1875": [2.68, -0.7856, 0.43203],
						"1.25": [1.56, -2.1626, 0.64362],
						"1.3333": [0.63, -2.31, 0.33],
						"1.4167": [0.44, -1.77, 0.27],
						"1.5": [0.31, 0.59575, 0.23],
						"1.5625": [0.29, 1.23015, 0.22],
						"1.6458": [0.14, 1.35215, 0.17],
						"1.75": [0.03, 0.3975, 0.03],
						"1.8333": [0, 0, 0]
					}
				},
				"rightHand": {
					"rotation": {
						"0.0": [84.32102, 14.82897, -180.27891],
						"0.1042": [73.65, 12.45, -187.1],
						"0.4167": [-22.41, -8.94, -208.51],
						"0.5": [-32.11088, -11.10128, -211.07339],
						"0.6458": [-11.871, -7.38303, -225.15022],
						"0.7083": [-8.66, -2.34, -225.655],
						"0.7708": [-35.1, -6.11, -203.83],
						"0.7917": [-38.03378, -6.52381, -205.05953],
						"0.875": [-38.03378, -6.52381, -205.05953],
						"0.9583": [-25.53, -5.05, -205.89],
						"1.1458": [36.9642, 2.34848, -210.07023],
						"1.6667": [80.77, 13.89, -180.51],
						"1.9792": [84.32102, 14.82897, -180.27891]
					},
					"position": {
						"0.0": [-6.725, -15.55, 6.225],
						"0.5": [-7.22, -12.55, 10.23],
						"0.7917": [-7.22, -12.55, 10.23],
						"0.875": [-7.22, -12.55, 10.23],
						"0.9375": [-7.52, -12.48, 10.04],
						"1.0833": [-10.53, -11.78, 8.2],
						"1.1458": [-10.87, -11.7, 8],
						"1.2292": [-10.62, -12.62, 7.86],
						"1.3125": [-7.4575, -14.67, 6.8175],
						"1.375": [-6.725, -15.55, 6.225],
						"1.9792": [-6.725, -15.55, 6.225]
					},
					"scale": [1, 1.5, 1]
				},
				"leftHand": {
					"rotation": {
						"0.0": [74.09999, -12.80314, -111.33658],
						"0.1667": [74.00571, -9.56135, -117.84139],
						"0.2292": [69.6275, -8.75, -119.47],
						"0.3958": [27.2775, 0, -134.67],
						"0.5": [17.41475, 1.77996, -138.91268],
						"0.7917": [5.47, 1.66, -138.69],
						"0.875": [5.47, 1.66, -138.69],
						"1.0208": [8.83, 0.95, -137.35],
						"1.2292": [10.91, -3.25, -129.41],
						"1.2917": [16.74, -4.09, -127.82],
						"1.4375": [48, -7.82, -120.77],
						"1.5417": [60.5, -8.84, -118.84],
						"1.6875": [69.92, -10.61, -113.6],
						"1.8333": [74.09999, -12.80314, -111.33658],
						"1.9792": [74.09999, -12.80314, -111.33658]
					},
					"position": {
						"0.0": [7.15, -14.02, -6.82],
						"0.1042": [7.15, -13.96, -6.99],
						"0.4167": [7.15, -13.34, -8.63],
						"0.5": [7.15, -13.27, -8.82],
						"0.5833": [7.15, -13.27, -8.22],
						"0.75": [7.15, -13.27, -3.49],
						"0.7917": [7.15, -13.27, -2.82],
						"0.875": [7.15, -13.27, -2.82],
						"1.0625": [7.15, -13.33, -3.16],
						"1.1667": [7.15, -13.45, -3.78],
						"1.2292": [8.15, -13.52, -3.3],
						"1.3125": [7.15, -13.61, -2.65],
						"1.5": [7.15, -13.82, -5.77],
						"1.8333": [7.15, -14.02, -6.82],
						"1.9792": [7.15, -14.02, -6.82]
					},
					"scale": [1, 1.5, 1]
				},
				"idle_view": {
					"rotation": {
						"0.0": [0, 0, -0.10125],
						"0.1667": [0, 0, -0.36305],
						"0.2917": [0, 0, -1.21005],
						"0.4167": [0, 0, -3.52005],
						"0.5": [0, 0, -3.8858],
						"0.5625": [0, 0, -3.2313],
						"0.6458": [0, 0, -0.45449],
						"0.6875": [0, 0, 0.35193],
						"0.75": [0, 0, 0.07845],
						"0.7917": [0, 0, -0.86782],
						"0.8125": [0, 0, -0.7803],
						"0.8542": [0, 0, -1.51325],
						"0.8958": [0, 0, 0.36834],
						"0.9375": [0, 0, 0.61995],
						"0.9792": [0, 0, 0.20425],
						"1.0417": [0, 0, -0.0583],
						"1.1042": [0, 0, 0.31912],
						"1.1667": [0, 0, 0.7975],
						"1.2292": [0, 0, 1],
						"1.2917": [0, 0, 0.82],
						"1.3333": [0, 0, -0.13],
						"1.3958": [0, 0, -0.77],
						"1.4583": [0, 0, -0.875],
						"1.5625": [0, 0, -0.43],
						"1.7917": [0, 0, -0.16],
						"2.1042": [0, 0, 0]
					}
				},
				"camera": {
					"rotation": {
						"0.0": [0, 0, -0.10125],
						"0.1667": [0, 0, -0.36305],
						"0.2917": [0, 0, -1.21005],
						"0.4167": [0, 0, -3.52005],
						"0.5": [0, 0, -3.8858],
						"0.5625": [0, 0, -3.2313],
						"0.6458": [0, 0, -0.45449],
						"0.6875": [0, 0, 0.35193],
						"0.75": [0, 0, 0.07845],
						"0.7917": [0, 0, -0.86782],
						"0.8125": [0, 0, -0.7803],
						"0.8542": [0, 0, -1.51325],
						"0.8958": [0, 0, 0.36834],
						"0.9375": [0, 0, 0.61995],
						"0.9792": [0, 0, 0.20425],
						"1.0417": [0, 0, -0.0583],
						"1.1042": [0, 0, 0.31912],
						"1.1667": [0, 0, 0.7975],
						"1.2292": [0, 0, 1],
						"1.2917": [0, 0, 0.82],
						"1.3333": [0, 0, -0.13],
						"1.3958": [0, 0, -0.77],
						"1.4583": [0, 0, -0.875],
						"1.5625": [0, 0, -0.43],
						"1.7917": [0, 0, -0.16],
						"2.1042": [0, 0, 0]
					}
				}
			}
		},
		"inspect": {
			"animation_length": 3.875,
			"bones": {
				"root": {
					"rotation": {
						"0.0": [0, 0, 0],
						"0.1667": [0.04, -5.94, -0.46],
						"0.375": [-6.435, -25.75, -2],
						"0.5208": [-21.485, -48.04, -3.73],
						"0.5833": [-23.96153, -55.47114, -4.30661],
						"1.2292": [-21.8525, -59.17, -3.11],
						"1.5833": [-10.21, -60.02, -2.83],
						"1.6667": [-10.31599, -60.39915, -2.70984],
						"1.7917": [-12.23, -47.89, 8.94],
						"2.0833": [-44.09, 29.33, 80.91],
						"2.1458": [-48.39, 45.77, 94.1875],
						"2.1875": [-51.25502, 43.80569, 94.40055],
						"2.7292": [-36.07295, 56.07658, 114.04964],
						"3.2708": [-51.26, 43.81, 94.4],
						"3.5": [-46.81655, 27.19241, 58.5931],
						"3.6458": [-20.59, 12.32, 26.54],
						"3.7708": [-4.2, 3.02, 6.51],
						"3.875": [0, 0, 0]
					},
					"position": {
						"0.0": [0, 0, 0],
						"0.125": [-0.32, -0.11, -0.21],
						"0.2917": [-1.18, -0.4, -0.79],
						"0.4792": [-2.76, -0.92, -1.84],
						"0.5833": [-3, -1, -2],
						"0.6875": [-2.77, -0.83, -2],
						"1.1667": [-0.09, 1.18, -2],
						"1.4375": [0.68, 1.76, -2],
						"1.6667": [1, 2, -2],
						"2.1875": [1, 2, -2],
						"2.3125": [1, 2, -1.65],
						"2.4375": [0.72, 1.92, -1.36],
						"2.6042": [-0.01, 1.73, -0.63],
						"2.8333": [-1.72, 1.27, 1.08],
						"3.0208": [-2.2234, 1.13, 1.59418],
						"3.1667": [-2.15, 1.08, 1.41],
						"3.3125": [-1.83, 0.92, 1.2],
						"3.4792": [-0.86, 0.18, 0.57],
						"3.5833": [-0.39, -1.37, 0.26],
						"3.6458": [-0.23, -1.89, 0.15],
						"3.6875": [-0.16, -1.465, 0.11],
						"3.75": [-0.06, -0.52, 0.04],
						"3.875": [0, 0, 0]
					}
				},
				"rightHand": {
					"rotation": {
						"0.0": [84.32102, 14.82897, -180.27891],
						"1.6667": [84.32, 14.83, -180.28],
						"2.1875": [45.97948, 10.0746, -193.16783],
						"3.2708": [45.98, 10.07, -193.17],
						"3.875": [84.32102, 14.82897, -180.27891]
					},
					"position": {
						"0.0": [-6.725, -15.55, 6.225],
						"1.6667": [-6.72, -15.55, 6.23],
						"1.9167": [-8.2, -15.55, 8.63],
						"2.1875": [-7.72, -15.55, 11.23],
						"3.2708": [-7.72, -15.55, 11.23],
						"3.6042": [-8.17, -15.55, 7.47],
						"3.875": [-6.725, -15.55, 6.225]
					},
					"scale": [1, 1.5, 1]
				},
				"leftHand": {
					"rotation": {
						"0.0": [74.09999, -12.80314, -111.33658],
						"0.125": [69.2, -13.09, -107.31],
						"0.4375": [35.8, -15.05, -79.86],
						"0.5833": [28.38221, -15.48688, -73.75985],
						"1.6667": [25.88, -15.49, -73.76],
						"1.75": [26.11, -15.78, -81.19],
						"1.9583": [41.51, -17.52, -125.75],
						"2.1042": [18.68, -18.83, -159.17],
						"2.1875": [13.60708, -19.12287, -166.59846],
						"3.2708": [13.61, -19.12, -166.6],
						"3.3542": [23.2, -19.95, -161.63],
						"3.6458": [54.90093, -26.60243, -121.84076],
						"3.7917": [70.61, -15.31, -113.25],
						"3.875": [74.09999, -12.80314, -111.33658]
					},
					"position": {
						"0.0": [7.15, -14.02, -6.82],
						"0.5833": [6.15, -14.52, -5.82],
						"1.6667": [6.15, -14.52, -5.82],
						"1.8958": [7.03, -13.92, -6.26],
						"2.1875": [8.15, -12.02, -5.82],
						"3.2708": [8.15, -12.02, -5.82],
						"3.875": [7.15, -14.02, -6.82]
					},
					"scale": [1, 1.5, 1]
				},
				"constraint": {
					"rotation": [1, 0.2, 1],
					"position": [1, 0.2, 1]
				}
			}
		},
		"reload_empty": {
			"animation_length": 5.7292,
			"bones": {
				"rightHand": {
					"rotation": {
						"0.0": [84.32102, 14.82897, -180.27891],
						"0.7292": [84.32, 14.83, -180.28],
						"0.8958": [111.54143, 11.09222, -153.67129],
						"0.9792": [111.54143, 11.09222, -153.67129],
						"1.1458": [126.25998, 6.43655, -155.51678],
						"1.2292": [126.26, 6.44, -155.52],
						"1.375": [126.3092, 10.0683, -155.27266],
						"1.6458": [103.8953, 16.41781, -154.8398],
						"1.7292": [102.86399, 13.56921, -139.58877],
						"1.875": [98.8953, 16.41781, -154.8398],
						"2.1875": [128.8092, 10.0683, -155.27266],
						"2.4167": [115.69533, -3.66841, -166.15822],
						"2.5833": [88.38249, 7.59509, -160.72556],
						"2.8333": [86.16044, 12.1182, -171.10073],
						"2.9583": [86.16, 12.12, -171.1],
						"3.125": [98.66, 12.12, -171.1],
						"3.3333": [98.66, 12.12, -171.1],
						"3.6875": [128.8092, 10.0683, -155.27266],
						"3.9167": [126.26, 6.44, -155.52],
						"4.0": [126.26, 6.44, -155.52],
						"4.1667": [126.26, 6.44, -155.52],
						"4.4167": [126.26, 6.44, -155.52],
						"4.5833": [111.54143, 11.09222, -153.67129],
						"4.8333": [111.54143, 11.09222, -153.67129],
						"5.0": [84.32, 14.83, -180.28],
						"5.0833": [84.32, 14.83, -180.28],
						"5.4583": [84.32102, 14.82897, -180.27891]
					},
					"position": {
						"0.0": [-6.725, -15.55, 6.225],
						"0.0833": [-6.97, -15.26, 6.11],
						"0.25": [-8.05, -14.27, 5.62],
						"0.5417": [-9.95, -11.84, 4.75],
						"0.7292": [-9.72, -10.55, 3.23],
						"0.8958": [-8.22, -8.05, 2.48],
						"0.9792": [-8.22, -8.05, 2.48],
						"1.1042": [-8.22, -8.05, 5.98],
						"1.1458": [-8.22, -8.05, 6.48],
						"1.2292": [-8.22, -8.05, 6.48],
						"1.375": [-9.13, -8.5, 9.03],
						"1.4375": [-8.94, -8.47, 7.93],
						"1.5833": [-8.06, -8.32, 2.98],
						"1.6458": [-7.97, -8.3, 2.48],
						"1.7292": [-7.97, -9.3, 2.48],
						"1.875": [-7.97, -9.3, 2.48],
						"1.9375": [-9.12, -9.19, 3.89],
						"2.125": [-8.96, -8.61, 11.51],
						"2.1875": [-9.13, -8.5, 13.03],
						"2.4167": [-10.63, -8.5, 9.03],
						"2.5833": [-8.63, -8.5, 5.03],
						"2.8333": [-7.88, -9.5, 3.03],
						"2.9583": [-8.13, -9.5, 3.78],
						"3.125": [-7.88, -9.5, 1.28],
						"3.3333": [-7.88, -9.5, 1.28],
						"3.4167": [-8.04, -9.37, 2.76],
						"3.625": [-8.98, -8.62, 11.65],
						"3.6875": [-9.13, -8.5, 13.03],
						"3.75": [-8.96, -8.42, 11.84],
						"3.8542": [-8.41, -8.14, 7.82],
						"3.9167": [-8.22, -8.05, 6.48],
						"4.0": [-8.22, -8.05, 6.48],
						"4.1667": [-8.22, -8.05, 7.23],
						"4.4167": [-8.22, -8.05, 7.23],
						"4.5833": [-8.22, -8.05, 2.48],
						"4.8333": [-8.22, -8.05, 2.48],
						"5.0": [-9.72, -10.55, 3.23],
						"5.0833": [-9.72, -10.55, 3.23],
						"5.2708": [-9.22, -13.05, 4.73],
						"5.4583": [-6.725, -15.55, 6.225]
					},
					"scale": [1, 1.5, 1]
				},
				"leftHand": {
					"rotation": {
						"0.0": [74.09999, -12.80314, -111.33658],
						"0.5833": [54.1, -12.8, -111.34],
						"5.25": [54.1, -12.8, -111.34],
						"5.7292": [74.09999, -12.80314, -111.33658]
					},
					"position": [7.15, -14.02, -6.82],
					"scale": [1, 1.5, 1]
				},
				"root": {
					"rotation": {
						"0.0": [0, 0, 0],
						"0.1875": [-4.7, -4.16, 6.31],
						"0.3125": [-15.82, -13.98, 15.23],
						"0.5": [-33.005, -34.56, 28.8125],
						"0.6042": [-38.29413, -45.81185, 31.96044],
						"0.6458": [-34.56275, -49.258, 24.9465],
						"0.6875": [-27.78305, -58.1546, 14.7485],
						"0.7083": [-25.45, -60.31, 13.78],
						"0.7292": [-27.43504, -62.47209, 17.13308],
						"0.7708": [-25.96605, -59.3701, 19.4755],
						"0.8542": [-45.17885, -38.37, 42.69],
						"0.9375": [-49.34541, -34.62344, 48.02086],
						"0.9792": [-54.3182, -29.5008, 52.32733],
						"1.0417": [-54.6, -36.84, 45.48],
						"1.0833": [-54.08383, -44.41451, 38.40714],
						"1.1458": [-62.48163, -40.17714, 41.66961],
						"1.1875": [-58.37707, -40.72857, 42.44981],
						"1.2292": [-59.2725, -41.28, 43.23],
						"1.3125": [-54.235, -44.18, 47.82],
						"1.3958": [-46.8775, -47.09, 52.4],
						"1.4792": [-46.5825, -49.03, 54.12],
						"1.6458": [-49.27, -49.03, 54.12],
						"1.7292": [-48.63474, -47.17169, 56.62479],
						"1.7917": [-52.27, -46.65, 57.26],
						"1.875": [-61.35014, -45.34054, 58.85365],
						"1.9375": [-59.5, -45.39, 58.79],
						"2.0625": [-52.32, -45.57, 58.56],
						"2.125": [-50.27, -45.62, 58.49],
						"2.2917": [-44.985, -45.81, 58.25],
						"2.4167": [-46.1, -45.88, 58.16],
						"2.8542": [-55.03, -46.44, 57.44],
						"3.0625": [-54.51, -46.67, 57.14],
						"3.3125": [-61.34097, -42.60019, 60.25684],
						"4.0": [-56.87, -44.98, 57.98],
						"4.1667": [-55.78, -45.56, 55.305],
						"4.2917": [-54.97, -45.99, 57.02],
						"4.5833": [-53.07, -47, 56.05],
						"4.6667": [-53.41, -46.34, 56.76],
						"4.7292": [-54.29, -44.77, 58.35],
						"4.7917": [-56.05676, -41.63095, 61.53062],
						"4.8958": [-51.75, -46.02, 55.97],
						"5.0208": [-37.26, -57.18, 38.44],
						"5.0625": [-35.19109, -58.77124, 35.93668],
						"5.1042": [-38.52, -55.63, 40.87],
						"5.1458": [-58.1875, -46.21, 60.3575],
						"5.1875": [-68.25841, -43.69662, 67.9277],
						"5.25": [-52.01, -46.36, 56.87],
						"5.3125": [-49.27, -49.03, 54.12],
						"5.3958": [-42.72, -42.51, 43.92],
						"5.4792": [-29.4325, -25.74, 27.13],
						"5.5417": [-8.49, -13.17, 14.54],
						"5.6042": [3.9, -8.21, 9.06],
						"5.6458": [3.445, -4.9, 5.41],
						"5.7292": [0, 0, 0]
					},
					"position": {
						"0.0": [0, 0, 0],
						"0.1458": [0.39, -0.23, 0.2],
						"0.1875": [0.57, -0.6425, 0.29],
						"0.25": [0.83, -1.73, 0.43],
						"0.2917": [1, -1.975, 0.52],
						"0.4375": [2.39, -2.2425, 1.24],
						"0.5417": [3.38, -2.0925, 1.75],
						"0.6042": [3.75, -2.25, 1.9375],
						"0.6458": [3.75, -2.5625, 1.94],
						"0.6875": [3.75, -2.25, 1.94],
						"0.7292": [3.75, -2.0625, 1.94],
						"0.8958": [3.75, -2.21, 1.94],
						"0.9375": [3.75, -2.5625, 2.1275],
						"0.9792": [3.75, -2.1625, 1.94],
						"1.0208": [3.75, -2.25, 1.815],
						"1.1458": [3.75, -2.25, 1.9375],
						"1.1875": [3.75, -2.4375, 2.02],
						"1.2292": [3.75, -2.25, 2.1],
						"1.4167": [3.75, -2.25, 3.06],
						"1.4792": [3.75, -2.25, 3.25],
						"1.6458": [3.75, -2.25, 3.25],
						"1.7292": [3.75, -2.538, 3.15],
						"1.8125": [3.75, -3.482, 2.82],
						"1.875": [3.75, -3.85, 2.6875],
						"1.9583": [3.75, -3.682, 2.77],
						"2.0625": [3.75, -2.962, 3.11],
						"2.1667": [3.75, -2.65, 3.25],
						"2.2708": [3.75, -2.65, 3.25],
						"2.4167": [3.75, -2.8375, 3.25],
						"2.6042": [3.75, -2.25, 3.25],
						"2.8125": [3.75, -2.25, 3.25],
						"2.8958": [3.75, -2.375, 3.25],
						"2.9583": [3.75, -2.25, 3.25],
						"3.0625": [3.75, -2.25, 3.25],
						"3.1458": [4.0608, -2.25, 3.03006],
						"3.2292": [4.9784, -2.25, 2.384],
						"3.3125": [5.23, -2.25, 2.21905],
						"3.3958": [4.9784, -2.25, 2.384],
						"3.5208": [4.0608, -2.25, 3.03006],
						"3.625": [3.75, -2.25, 3.25],
						"4.0": [3.75, -2.25, 3.25],
						"4.0625": [3.55, -2.25, 3.41],
						"4.125": [3.06, -2.25, 3.78],
						"4.1667": [2.9375, -2.25, 3.875],
						"4.2083": [3.07, -2.25, 3.77],
						"4.25": [4.2675, -2.25, 3.13],
						"4.2917": [4.75, -2.25, 2.625],
						"4.3333": [4.14, -2.25, 3],
						"4.375": [3.75, -2.25, 3.25],
						"4.4792": [4, -2.25, 3.12],
						"4.5625": [4.41, -2.25, 2.9],
						"4.625": [5.32, -2.25, 2.41],
						"4.6667": [5.5, -2.25, 2.3125],
						"4.7083": [5.25, -2.25, 2.45],
						"4.7708": [3.7, -2.25, 3.4425],
						"4.7917": [3.55, -2.25, 3.59],
						"4.8333": [3.75, -2.25, 3.25],
						"5.1667": [3.75, -2.25, 3.25],
						"5.2292": [3.38, -2.03, 2.93],
						"5.375": [1.53, -0.92, 1.32],
						"5.4792": [0.6, -0.0475, 0.52],
						"5.5208": [0.45, 0.13, 0.39],
						"5.6042": [0.15, -0.4025, 0.13],
						"5.7292": [0, 0, 0]
					}
				},
				"bolt": {
					"position": {
						"0.9792": [0, 0, 0],
						"1.1458": [0, 0, 4],
						"4.0": [0, 0, 4],
						"4.1667": [0, 0, 4.5],
						"4.4167": [0, 0, 4.5],
						"4.5833": [0, 0, 0]
					}
				},
				"bolt_movingpart": {
					"rotation": {
						"0.7292": [0, 0, 0],
						"0.8958": [0, 0, 90],
						"4.8333": [0, 0, 90],
						"5.0": [0, 0, 0]
					}
				},
				"bullet": {
					"rotation": {
						"0.0": [0, 0, 0],
						"2.1667": [-25, 0, 0],
						"2.5833": [27.82, 0, 0],
						"2.8333": [17.5, 0, 0],
						"2.9583": [17.5, 0, 0],
						"3.125": [0, 0, 0],
						"4.0417": [0, 0, 0],
						"4.1042": [12.5, 0, 0],
						"4.1667": [0, 0, 0]
					},
					"position": {
						"2.1458": [0, 0, 0],
						"2.1667": [-1, 3, 14],
						"2.4167": [-2.65, 2.51, 9.03],
						"2.5833": [-0.39, 2.16, 5.42],
						"2.7083": [-0.19, 1.83, 4.21],
						"2.8333": [0, 0, 3],
						"2.9583": [0, 0, 3],
						"3.125": [0, 0, 0],
						"4.0417": [0, 0, 0],
						"4.1042": [0, 0.125, 3.3125],
						"4.1667": [0, 1, 3.5],
						"4.4375": [0, 1, 3.5],
						"4.5833": [0, 1, -0.5]
					},
					"scale": {
						"0.0": [0, 0, 0],
						"2.1667": [0, 0, 0],
						"2.1875": [1, 1, 1]
					}
				},
				"bullet_on_barrel": {
					"rotation": {
						"1.1042": [0, 0, 0],
						"1.1875": [-25, 30, 0],
						"1.4167": [-87.1056, -40.45267, -437.6804]
					},
					"position": {
						"0.9792": [0, 0, 0],
						"1.1042": [0, 0, 3.38],
						"1.1875": [-1.25, 2.6875, 4.38],
						"1.2292": [-2.9, 3.5575, 4.96],
						"1.3125": [-4.11, 2.5775, 6.5975],
						"1.3542": [-4.21, 1.4325, 7.9],
						"1.3958": [-4.265, -0.74, 8.5525],
						"1.4375": [-4, -5.875, 8.88],
						"1.4792": [-4, -15.245, 8.9425]
					},
					"scale": {
						"0.0": [1, 1, 1],
						"1.4167": [1, 1, 1],
						"1.5": [0, 0, 0]
					}
				},
				"lever": {
					"rotation": {
						"1.6458": [0, 0, 0],
						"1.7292": [13, 0, 0],
						"4.0417": [13, 0, 0],
						"4.1042": [15, 0, 0],
						"4.1667": [0, 0, 0]
					}
				},
				"head": {
					"scale": 0
				},
				"camera": {
					"rotation": {
						"0.0": {
							"post": [0, 0, 0],
							"lerp_mode": "catmullrom"
						},
						"0.5625": {
							"post": [0, 0, 1],
							"lerp_mode": "catmullrom"
						},
						"0.7083": {
							"post": [0, 0, 1.5],
							"lerp_mode": "catmullrom"
						},
						"0.9792": {
							"post": [0, 0, -3],
							"lerp_mode": "catmullrom"
						},
						"1.0208": {
							"post": [0, 0, 1],
							"lerp_mode": "catmullrom"
						},
						"1.0625": {
							"post": [0, 0, -0.6875],
							"lerp_mode": "catmullrom"
						},
						"1.1875": {
							"post": [0, 0, 2.8125],
							"lerp_mode": "catmullrom"
						},
						"1.2292": {
							"post": [0, 0, -1.875],
							"lerp_mode": "catmullrom"
						},
						"1.2708": {
							"post": [0, 0, 0.75],
							"lerp_mode": "catmullrom"
						},
						"1.3125": {
							"post": [0, 0, -0.27],
							"lerp_mode": "catmullrom"
						},
						"1.4167": {
							"post": [0, 0, -0.125],
							"lerp_mode": "catmullrom"
						},
						"1.4583": {
							"post": [0, 0, 0],
							"lerp_mode": "catmullrom"
						},
						"1.6458": {
							"post": [0, 0, 0],
							"lerp_mode": "catmullrom"
						},
						"1.7708": {
							"post": [0, 0, 2],
							"lerp_mode": "catmullrom"
						},
						"1.875": {
							"post": [0, 0, -0.625],
							"lerp_mode": "catmullrom"
						},
						"2.0": {
							"post": [0, 0, 0],
							"lerp_mode": "catmullrom"
						},
						"2.5208": {
							"post": [0, 0, 0],
							"lerp_mode": "catmullrom"
						},
						"2.875": {
							"post": [0, 0, 1.4375],
							"lerp_mode": "catmullrom"
						},
						"3.0417": {
							"post": [0, 0, 0],
							"lerp_mode": "catmullrom"
						},
						"3.25": {
							"post": [0, 0, 3],
							"lerp_mode": "catmullrom"
						},
						"3.3125": {
							"post": [0, 0, -1.5],
							"lerp_mode": "catmullrom"
						},
						"3.3333": {
							"post": [0, 0, 0.4375],
							"lerp_mode": "catmullrom"
						},
						"3.375": {
							"post": [0, 0, -0.48],
							"lerp_mode": "catmullrom"
						},
						"3.4375": {
							"post": [0, 0, 0.0625],
							"lerp_mode": "catmullrom"
						},
						"3.5208": {
							"post": [0, 0, 0],
							"lerp_mode": "catmullrom"
						},
						"4.0": {
							"post": [0, 0, 0],
							"lerp_mode": "catmullrom"
						},
						"4.2083": {
							"post": [0, 0, 2],
							"lerp_mode": "catmullrom"
						},
						"4.25": {
							"post": [0, 0, -1],
							"lerp_mode": "catmullrom"
						},
						"4.2917": {
							"post": [0, 0, 0.9375],
							"lerp_mode": "catmullrom"
						},
						"4.3333": {
							"post": [0, 0, 0],
							"lerp_mode": "catmullrom"
						},
						"4.4375": {
							"post": [0, 0, 0],
							"lerp_mode": "catmullrom"
						},
						"4.625": {
							"post": [0, 0, 1.8125],
							"lerp_mode": "catmullrom"
						},
						"4.6458": {
							"post": [0, 0, 0],
							"lerp_mode": "catmullrom"
						},
						"4.6875": {
							"post": [0, 0, 0.8125],
							"lerp_mode": "catmullrom"
						},
						"4.75": {
							"post": [0, 0, -0.75],
							"lerp_mode": "catmullrom"
						},
						"4.8333": {
							"post": [0, 0, 0],
							"lerp_mode": "catmullrom"
						},
						"4.9583": {
							"post": [0, 0, 0],
							"lerp_mode": "catmullrom"
						},
						"5.0625": {
							"post": [0, 0, -1],
							"lerp_mode": "catmullrom"
						},
						"5.0833": {
							"post": [0, 0, 0.5],
							"lerp_mode": "catmullrom"
						},
						"5.125": {
							"post": [0, 0, 0],
							"lerp_mode": "catmullrom"
						},
						"5.25": {
							"post": [0, 0, -0.41],
							"lerp_mode": "catmullrom"
						},
						"5.3542": {
							"post": [0, 0, -1],
							"lerp_mode": "catmullrom"
						},
						"5.5": {
							"post": [0, 0, 0.2575],
							"lerp_mode": "catmullrom"
						},
						"5.6042": {
							"post": [0, 0, 0],
							"lerp_mode": "catmullrom"
						}
					}
				},
				"constraint": {
					"rotation": [1, 1, 1],
					"position": [1, 1, 1]
				}
			},
			"sound_effects": {
				"0.3542": {
					"effect": "hamster:lebel1886/lebel1886_handing_1"
				},
				"0.75": {
					"effect": "hamster:gras1874/gras_openbolt"
				},
				"1.625": {
					"effect": "hamster:lebel1886/lebel1886_reload_1"
				},
				"2.8958": {
					"effect": "hamster:lebel1886/lebel1886_reload_2"
				},
				"4.0417": {
					"effect": "hamster:lebel1886/lebel1886_closebolt"
				},
				"4.3125": {
					"effect": "hamster:gras1874/gras_closebolt"
				},
				"5.2708": {
					"effect": "hamster:lebel1886/lebel1886_handing_2"
				}
			}
		},
		"reload_tactical": {
			"animation_length": 7.2917,
			"bones": {
				"rightHand": {
					"rotation": {
						"0.0": [84.32102, 14.82897, -180.27891],
						"0.7292": [84.32, 14.83, -180.28],
						"0.8958": [111.54143, 11.09222, -153.67129],
						"0.9792": [111.54143, 11.09222, -153.67129],
						"1.1458": [126.25998, 6.43655, -155.51678],
						"1.2292": [126.26, 6.44, -155.52],
						"1.2917": [113.71, -1.43, -148.14],
						"1.375": [75.93564, -27.59473, -140.31916],
						"1.4375": [48.51326, -32.92878, -118.59674],
						"1.5625": [36.13068, -17.79697, -113.82938],
						"1.6667": [45.08, -13.28, -119.24],
						"1.9792": [95.76, 12.31, -149.92],
						"2.0833": [103.8953, 16.41781, -154.8398],
						"2.1667": [102.86399, 13.56921, -139.58877],
						"2.3125": [98.8953, 16.41781, -154.8398],
						"2.6667": [108.49, 14.38, -154.98],
						"3.75": [128.8092, 10.0683, -155.27266],
						"3.9792": [115.69533, -3.66841, -166.15822],
						"4.1458": [88.38249, 7.59509, -160.72556],
						"4.3958": [86.16044, 12.1182, -171.10073],
						"4.5208": [86.16, 12.12, -171.1],
						"4.6875": [98.66, 12.12, -171.1],
						"4.8958": [98.66, 12.12, -171.1],
						"5.25": [128.8092, 10.0683, -155.27266],
						"5.4792": [126.26, 6.44, -155.52],
						"5.5625": [126.26, 6.44, -155.52],
						"5.7292": [126.26, 6.44, -155.52],
						"5.9792": [126.26, 6.44, -155.52],
						"6.1458": [111.54143, 11.09222, -153.67129],
						"6.3958": [111.54143, 11.09222, -153.67129],
						"6.5625": [84.32, 14.83, -180.28],
						"6.6458": [84.32, 14.83, -180.28],
						"7.0208": [84.32102, 14.82897, -180.27891]
					},
					"position": {
						"0.0": [-6.725, -15.55, 6.225],
						"0.0833": [-6.97, -15.26, 6.11],
						"0.25": [-8.05, -14.27, 5.62],
						"0.5417": [-9.95, -11.84, 4.75],
						"0.7292": [-9.72, -10.55, 3.23],
						"0.8958": [-8.22, -8.05, 2.48],
						"0.9792": [-8.22, -8.05, 2.48],
						"1.1042": [-8.22, -8.05, 5.98],
						"1.1458": [-8.22, -8.05, 6.48],
						"1.2292": [-9.22, -8.8, 7.48],
						"1.2917": [-10.81, -9.46, 7.26],
						"1.375": [-14.8, -11.11, 6.72],
						"1.4375": [-16.19, -11.69, 6.53],
						"1.5208": [-16.19, -13.36, 8.2],
						"1.5625": [-16.19, -13.69, 8.53],
						"1.6875": [-14.96, -12.88, 7.69],
						"1.9375": [-8.8, -8.81, 3.48],
						"2.0208": [-8.06, -8.32, 2.98],
						"2.0833": [-7.97, -8.3, 2.48],
						"2.1667": [-7.97, -9.3, 2.48],
						"2.3125": [-7.97, -9.3, 2.48],
						"2.375": [-9.12, -9.19, 3.89],
						"2.6042": [-9.48, -8.6, 5.2],
						"2.75": [-9.38, -8.5, 5.03],
						"2.875": [-9.01, -9, 4.03],
						"3.0": [-8.13, -9.5, 3.03],
						"3.125": [-8.13, -9.5, 3.78],
						"3.2917": [-7.88, -9.5, 1.28],
						"3.4583": [-7.88, -9.5, 1.28],
						"3.5417": [-8.07, -9.35, 3.06],
						"3.6667": [-8.92, -8.67, 11.07],
						"3.75": [-9.13, -8.5, 13.03],
						"3.9792": [-10.63, -8.5, 9.03],
						"4.1458": [-8.63, -8.5, 5.03],
						"4.3958": [-7.88, -9.5, 3.03],
						"4.5208": [-8.13, -9.5, 3.78],
						"4.6875": [-7.88, -9.5, 1.28],
						"4.8958": [-7.88, -9.5, 1.28],
						"4.9792": [-8.04, -9.37, 2.76],
						"5.1875": [-8.98, -8.62, 11.65],
						"5.25": [-9.13, -8.5, 13.03],
						"5.3125": [-8.96, -8.42, 11.84],
						"5.4167": [-8.41, -8.14, 7.82],
						"5.4792": [-8.22, -8.05, 6.48],
						"5.5625": [-8.22, -8.05, 6.48],
						"5.7292": [-8.22, -8.05, 7.23],
						"5.9792": [-8.22, -8.05, 7.23],
						"6.1458": [-8.22, -8.05, 2.48],
						"6.3958": [-8.22, -8.05, 2.48],
						"6.5625": [-9.72, -10.55, 3.23],
						"6.6458": [-9.72, -10.55, 3.23],
						"6.8333": [-9.22, -13.05, 4.73],
						"7.0208": [-6.725, -15.55, 6.225]
					},
					"scale": [1, 1.5, 1]
				},
				"leftHand": {
					"rotation": {
						"0.0": [74.09999, -12.80314, -111.33658],
						"0.5833": [54.1, -12.8, -111.34],
						"6.8125": [54.1, -12.8, -111.34],
						"7.2917": [74.09999, -12.80314, -111.33658]
					},
					"position": [7.15, -14.02, -6.82],
					"scale": [1, 1.5, 1]
				},
				"root": {
					"rotation": {
						"0.0": [0, 0, 0],
						"0.1875": [-4.7, -4.16, 6.31],
						"0.3125": [-15.82, -13.98, 15.23],
						"0.5": [-33.005, -34.56, 28.8125],
						"0.6042": [-38.29413, -45.81185, 31.96044],
						"0.6458": [-34.56275, -49.258, 24.9465],
						"0.6875": [-27.78305, -58.1546, 14.7485],
						"0.7083": [-25.45, -60.31, 13.78],
						"0.7292": [-27.43504, -62.47209, 17.13308],
						"0.7708": [-25.96605, -59.3701, 19.4755],
						"0.8542": [-45.17885, -38.37, 42.69],
						"0.9375": [-49.34541, -34.62344, 48.02086],
						"0.9792": [-54.3182, -29.5008, 52.32733],
						"1.0417": [-54.6, -36.84, 45.48],
						"1.0833": [-54.08383, -44.41451, 38.40714],
						"1.1458": [-62.48163, -40.17714, 41.66961],
						"1.1875": [-58.37707, -40.72857, 42.44981],
						"1.2292": [-59.2725, -41.28, 43.23],
						"1.3125": [-54.235, -44.18, 47.82],
						"1.375": [-55.19, -40.66, 50.62],
						"1.5": [-58.54598, -32.84231, 60.43005],
						"1.5625": [-57.09, -34.62, 59.43],
						"1.75": [-48.45, -45.17, 53.48],
						"1.8333": [-46.8775, -47.09, 52.4],
						"1.9167": [-46.5825, -49.03, 54.12],
						"2.0833": [-49.27, -49.03, 54.12],
						"2.1667": [-48.63474, -47.17169, 56.62479],
						"2.2292": [-52.27, -46.65, 57.26],
						"2.3125": [-61.35014, -45.34054, 58.85365],
						"2.375": [-59.5, -45.39, 58.79],
						"2.5": [-52.32, -45.57, 58.56],
						"2.5625": [-50.27, -45.62, 58.49],
						"3.1042": [-48.05, -45.7, 58.39],
						"3.3333": [-56.11, -45.73, 58.35],
						"3.8542": [-44.985, -45.81, 58.25],
						"3.9792": [-46.1, -45.88, 58.16],
						"4.4167": [-55.03, -46.44, 57.44],
						"4.625": [-54.51, -46.67, 57.14],
						"4.875": [-61.34097, -42.60019, 60.25684],
						"5.5625": [-56.87, -44.98, 57.98],
						"5.7292": [-55.78, -45.56, 55.305],
						"5.8542": [-54.97, -45.99, 57.02],
						"6.1458": [-53.07, -47, 56.05],
						"6.2292": [-53.41, -46.34, 56.76],
						"6.2917": [-54.29, -44.77, 58.35],
						"6.3542": [-56.05676, -41.63095, 61.53062],
						"6.4583": [-51.75, -46.02, 55.97],
						"6.5833": [-37.26, -57.18, 38.44],
						"6.625": [-35.19109, -58.77124, 35.93668],
						"6.6667": [-38.52, -55.63, 40.87],
						"6.7083": [-58.1875, -46.21, 60.3575],
						"6.75": [-68.25841, -43.69662, 67.9277],
						"6.8125": [-52.01, -46.36, 56.87],
						"6.875": [-49.27, -49.03, 54.12],
						"6.9583": [-42.72, -42.51, 43.92],
						"7.0417": [-29.4325, -25.74, 27.13],
						"7.1042": [-8.49, -13.17, 14.54],
						"7.1667": [3.9, -8.21, 9.06],
						"7.2083": [3.445, -4.9, 5.41],
						"7.2917": [0, 0, 0]
					},
					"position": {
						"0.0": [0, 0, 0],
						"0.1458": [0.39, -0.23, 0.2],
						"0.1875": [0.57, -0.6425, 0.29],
						"0.25": [0.83, -1.73, 0.43],
						"0.2917": [1, -1.975, 0.52],
						"0.4375": [2.39, -2.2425, 1.24],
						"0.5417": [3.38, -2.0925, 1.75],
						"0.6042": [3.75, -2.25, 1.9375],
						"0.6458": [3.75, -2.5625, 1.94],
						"0.6875": [3.75, -2.25, 1.94],
						"0.7292": [3.75, -2.0625, 1.94],
						"0.8958": [3.75, -2.21, 1.94],
						"0.9375": [3.75, -2.5625, 2.1275],
						"0.9792": [3.75, -2.1625, 1.94],
						"1.0208": [3.75, -2.25, 1.815],
						"1.1458": [3.75, -2.25, 1.9375],
						"1.1875": [3.75, -2.4375, 2.02],
						"1.2292": [3.75, -2.25, 2.1],
						"1.3125": [3.75, -2.37, 2.16],
						"1.4375": [3.75, -3.1875, 2.42],
						"1.5": [3.75, -3.2525, 2.51],
						"1.5833": [3.75, -3.0625, 2.64],
						"1.75": [3.75, -2.39, 2.96],
						"1.8542": [3.75, -2.25, 3.06],
						"1.9167": [3.75, -2.25, 3.25],
						"2.0833": [3.75, -2.25, 3.25],
						"2.1667": [3.75, -2.538, 3.15],
						"2.25": [3.75, -3.482, 2.82],
						"2.3125": [3.75, -3.85, 2.6875],
						"2.3958": [3.75, -3.682, 2.77],
						"2.5": [3.75, -2.962, 3.11],
						"2.9375": [3.75, -2.4, 3.22],
						"3.1042": [3.75, -2.5, 3.25],
						"3.1875": [4.0608, -2.25, 3.03006],
						"3.2708": [4.9784, -2.25, 2.384],
						"3.3542": [5.23, -2.25, 2.21905],
						"3.4375": [4.9784, -2.25, 2.384],
						"3.5625": [4.0608, -2.25, 3.03006],
						"3.6667": [3.75, -2.25, 3.25],
						"3.7292": [3.75, -2.3375, 3.25],
						"3.8333": [3.75, -2.65, 3.25],
						"3.9792": [3.75, -2.8375, 3.25],
						"4.1667": [3.75, -2.25, 3.25],
						"4.375": [3.75, -2.25, 3.25],
						"4.4583": [3.75, -2.375, 3.25],
						"4.5208": [3.75, -2.25, 3.25],
						"4.625": [3.75, -2.25, 3.25],
						"4.7083": [4.0608, -2.25, 3.03006],
						"4.7917": [4.9784, -2.25, 2.384],
						"4.875": [5.23, -2.25, 2.21905],
						"4.9583": [4.9784, -2.25, 2.384],
						"5.0833": [4.0608, -2.25, 3.03006],
						"5.1875": [3.75, -2.25, 3.25],
						"5.5625": [3.75, -2.25, 3.25],
						"5.625": [3.55, -2.25, 3.41],
						"5.6875": [3.06, -2.25, 3.78],
						"5.7292": [2.9375, -2.25, 3.875],
						"5.7708": [3.07, -2.25, 3.77],
						"5.8125": [4.2675, -2.25, 3.13],
						"5.8542": [4.75, -2.25, 2.625],
						"5.8958": [4.14, -2.25, 3],
						"5.9375": [3.75, -2.25, 3.25],
						"6.0417": [4, -2.25, 3.12],
						"6.125": [4.41, -2.25, 2.9],
						"6.1875": [5.32, -2.25, 2.41],
						"6.2292": [5.5, -2.25, 2.3125],
						"6.2708": [5.25, -2.25, 2.45],
						"6.3333": [3.7, -2.25, 3.4425],
						"6.3542": [3.55, -2.25, 3.59],
						"6.3958": [3.75, -2.25, 3.25],
						"6.7292": [3.75, -2.25, 3.25],
						"6.7917": [3.38, -2.03, 2.93],
						"6.9375": [1.53, -0.92, 1.32],
						"7.0417": [0.6, -0.0475, 0.52],
						"7.0833": [0.45, 0.13, 0.39],
						"7.1667": [0.15, -0.4025, 0.13],
						"7.2917": [0, 0, 0]
					}
				},
				"bolt": {
					"position": {
						"0.9792": [0, 0, 0],
						"1.1458": [0, 0, 4],
						"5.5625": [0, 0, 4],
						"5.7292": [0, 0, 4.5],
						"5.9792": [0, 0, 4.5],
						"6.1458": [0, 0, 0]
					}
				},
				"bolt_movingpart": {
					"rotation": {
						"0.7292": [0, 0, 0],
						"0.8958": [0, 0, 90],
						"6.3958": [0, 0, 90],
						"6.5625": [0, 0, 0]
					}
				},
				"bullet": {
					"rotation": {
						"0.0": [0, 0, 0],
						"3.7292": [-25, 0, 0],
						"4.1458": [27.82, 0, 0],
						"4.3958": [17.5, 0, 0],
						"4.5208": [17.5, 0, 0],
						"4.6875": [0, 0, 0],
						"5.6042": [0, 0, 0],
						"5.6667": [12.5, 0, 0],
						"5.7292": [0, 0, 0]
					},
					"position": {
						"3.7083": [0, 0, 0],
						"3.7292": [-1, 3, 14],
						"3.9792": [-2.65, 2.51, 9.03],
						"4.1458": [-0.39, 2.16, 5.42],
						"4.2708": [-0.19, 1.83, 4.21],
						"4.3958": [0, 0, 3],
						"4.5208": [0, 0, 3],
						"4.6875": [0, 0, 0],
						"5.6042": [0, 0, 0],
						"5.6667": [0, 0.125, 3.3125],
						"5.7292": [0, 1, 3.5],
						"6.0": [0, 1, 3.5],
						"6.1458": [0, 1, -0.5]
					},
					"scale": {
						"0.0": [0, 0, 0],
						"3.7292": [0, 0, 0],
						"3.75": [1, 1, 1]
					}
				},
				"bullet_on_barrel": {
					"rotation": {
						"1.1042": [0, 0, 0],
						"1.1875": [-25, 30, 0],
						"1.4375": [-368.72026, -17.55913, -84.91144],
						"1.5625": [-392.42042, -9.17225, -90.51515],
						"1.8958": [-340.39, -33.68, -88.9],
						"2.0208": [-328.82768, -39.12462, -88.53869],
						"2.1667": [-311.86396, -49.43923, -98.45966],
						"2.3125": [-311.86, -49.44, -98.46],
						"2.6042": [-345, 23.85434, -84.2242],
						"3.0": [-360, 15, -90],
						"3.2917": [-360, 0, -90]
					},
					"position": {
						"0.9792": [0, 0, 0],
						"1.1042": [0, 0, 3.38],
						"1.1875": [-1.25, 2.6875, 4.38],
						"1.2292": [-2.9, 3.5575, 4.96],
						"1.3333": [-6.11, 2.5775, 6.5975],
						"1.4375": [-9.11, 0.08, 7.1],
						"1.5": [-9.28, -1.42, 8.27],
						"1.5625": [-9.36, -2.17, 9.1625],
						"1.6667": [-8.08, -1.4, 8.43],
						"1.8958": [-1.43, 2.64, 6.22],
						"2.0208": [0, 3.5, 5.75],
						"2.0833": [-0.25, 3.75, 5.5],
						"2.1667": [0, 2.25, 5.5],
						"2.3125": [0, 2.75, 5.5],
						"2.6042": [-0.75, 2.75, 7.5],
						"2.75": [-0.625, 2.75, 7.5],
						"2.8333": [-0.47, 2.44, 6.63],
						"2.9167": [-0.18, 1.42, 4.99],
						"3.0417": [0, 0, 4],
						"3.125": [0, -0.5, 4],
						"3.2917": [0, -1, 0.5625],
						"4.5208": [0, -1, 0.56],
						"4.6875": [0, -1, -2.94]
					},
					"scale": 1
				},
				"lever": {
					"rotation": {
						"2.0833": [0, 0, 0],
						"2.1667": [13, 0, 0],
						"5.6042": [13, 0, 0],
						"5.6667": [15, 0, 0],
						"5.7292": [0, 0, 0]
					}
				},
				"head": {
					"scale": 1
				},
				"camera": {
					"rotation": {
						"0.0": {
							"post": [0, 0, 0],
							"lerp_mode": "catmullrom"
						},
						"0.5625": {
							"post": [0, 0, 1],
							"lerp_mode": "catmullrom"
						},
						"0.7083": {
							"post": [0, 0, 1.5],
							"lerp_mode": "catmullrom"
						},
						"0.9792": {
							"post": [0, 0, -3],
							"lerp_mode": "catmullrom"
						},
						"1.0208": {
							"post": [0, 0, 1],
							"lerp_mode": "catmullrom"
						},
						"1.0625": {
							"post": [0, 0, -0.6875],
							"lerp_mode": "catmullrom"
						},
						"1.1875": {
							"post": [0, 0, 2.8125],
							"lerp_mode": "catmullrom"
						},
						"1.2292": {
							"post": [0, 0, -1.875],
							"lerp_mode": "catmullrom"
						},
						"1.2708": {
							"post": [0, 0, 0.75],
							"lerp_mode": "catmullrom"
						},
						"1.3125": {
							"post": [0, 0, -0.27],
							"lerp_mode": "catmullrom"
						},
						"1.375": {
							"post": [0, 0, -0.36],
							"lerp_mode": "catmullrom"
						},
						"1.4583": {
							"post": [0, 0, 4.69],
							"lerp_mode": "catmullrom"
						},
						"1.4792": {
							"post": [0, 0, -0.5],
							"lerp_mode": "catmullrom"
						},
						"1.5208": {
							"post": [0, 0, 1.0625],
							"lerp_mode": "catmullrom"
						},
						"1.5625": {
							"post": [0, 0, -0.6875],
							"lerp_mode": "catmullrom"
						},
						"1.6458": {
							"post": [0, 0, 0],
							"lerp_mode": "catmullrom"
						},
						"1.8542": {
							"post": [0, 0, -0.125],
							"lerp_mode": "catmullrom"
						},
						"1.8958": {
							"post": [0, 0, 0],
							"lerp_mode": "catmullrom"
						},
						"2.0833": {
							"post": [0, 0, 0],
							"lerp_mode": "catmullrom"
						},
						"2.2083": {
							"post": [0, 0, 2],
							"lerp_mode": "catmullrom"
						},
						"2.3125": {
							"post": [0, 0, -0.625],
							"lerp_mode": "catmullrom"
						},
						"2.4375": {
							"post": [0, 0, 0],
							"lerp_mode": "catmullrom"
						},
						"2.6458": {
							"post": [0, 0, 0],
							"lerp_mode": "catmullrom"
						},
						"3.0": {
							"post": [0, 0, 1.4375],
							"lerp_mode": "catmullrom"
						},
						"3.1667": {
							"post": [0, 0, 0],
							"lerp_mode": "catmullrom"
						},
						"3.375": {
							"post": [0, 0, 3],
							"lerp_mode": "catmullrom"
						},
						"3.4375": {
							"post": [0, 0, -1.5],
							"lerp_mode": "catmullrom"
						},
						"3.4583": {
							"post": [0, 0, 0.4375],
							"lerp_mode": "catmullrom"
						},
						"3.5": {
							"post": [0, 0, -0.48],
							"lerp_mode": "catmullrom"
						},
						"3.5625": {
							"post": [0, 0, 0.0625],
							"lerp_mode": "catmullrom"
						},
						"3.6458": {
							"post": [0, 0, 0],
							"lerp_mode": "catmullrom"
						},
						"4.0833": {
							"post": [0, 0, 0],
							"lerp_mode": "catmullrom"
						},
						"4.4375": {
							"post": [0, 0, 1.4375],
							"lerp_mode": "catmullrom"
						},
						"4.6042": {
							"post": [0, 0, 0],
							"lerp_mode": "catmullrom"
						},
						"4.8125": {
							"post": [0, 0, 3],
							"lerp_mode": "catmullrom"
						},
						"4.875": {
							"post": [0, 0, -1.5],
							"lerp_mode": "catmullrom"
						},
						"4.8958": {
							"post": [0, 0, 0.4375],
							"lerp_mode": "catmullrom"
						},
						"4.9375": {
							"post": [0, 0, -0.48],
							"lerp_mode": "catmullrom"
						},
						"5.0": {
							"post": [0, 0, 0.0625],
							"lerp_mode": "catmullrom"
						},
						"5.0833": {
							"post": [0, 0, 0],
							"lerp_mode": "catmullrom"
						},
						"5.5625": {
							"post": [0, 0, 0],
							"lerp_mode": "catmullrom"
						},
						"5.7708": {
							"post": [0, 0, 2],
							"lerp_mode": "catmullrom"
						},
						"5.8125": {
							"post": [0, 0, -1],
							"lerp_mode": "catmullrom"
						},
						"5.8542": {
							"post": [0, 0, 0.9375],
							"lerp_mode": "catmullrom"
						},
						"5.8958": {
							"post": [0, 0, 0],
							"lerp_mode": "catmullrom"
						},
						"6.0": {
							"post": [0, 0, 0],
							"lerp_mode": "catmullrom"
						},
						"6.1875": {
							"post": [0, 0, 1.8125],
							"lerp_mode": "catmullrom"
						},
						"6.2083": {
							"post": [0, 0, 0],
							"lerp_mode": "catmullrom"
						},
						"6.25": {
							"post": [0, 0, 0.8125],
							"lerp_mode": "catmullrom"
						},
						"6.3125": {
							"post": [0, 0, -0.75],
							"lerp_mode": "catmullrom"
						},
						"6.3958": {
							"post": [0, 0, 0],
							"lerp_mode": "catmullrom"
						},
						"6.5208": {
							"post": [0, 0, 0],
							"lerp_mode": "catmullrom"
						},
						"6.625": {
							"post": [0, 0, -1],
							"lerp_mode": "catmullrom"
						},
						"6.6458": {
							"post": [0, 0, 0.5],
							"lerp_mode": "catmullrom"
						},
						"6.6875": {
							"post": [0, 0, 0],
							"lerp_mode": "catmullrom"
						},
						"6.8125": {
							"post": [0, 0, -0.41],
							"lerp_mode": "catmullrom"
						},
						"6.9167": {
							"post": [0, 0, -1],
							"lerp_mode": "catmullrom"
						},
						"7.0625": {
							"post": [0, 0, 0.2575],
							"lerp_mode": "catmullrom"
						},
						"7.1667": {
							"post": [0, 0, 0],
							"lerp_mode": "catmullrom"
						}
					}
				},
				"constraint": {
					"rotation": [1, 1, 1],
					"position": [1, 1, 1]
				}
			},
			"sound_effects": {
				"0.3542": {
					"effect": "hamster:lebel1886/lebel1886_handing_1"
				},
				"0.75": {
					"effect": "hamster:gras1874/gras_openbolt"
				},
				"1.4792": {
					"effect": "hamster:gew98/gew98_handing_3"
				},
				"2.125": {
					"effect": "hamster:lebel1886/lebel1886_reload_1"
				},
				"2.8958": {
					"effect": "hamster:lebel1886/lebel1886_reload_2"
				},
				"4.4583": {
					"effect": "hamster:lebel1886/lebel1886_reload_2"
				},
				"5.5833": {
					"effect": "hamster:lebel1886/lebel1886_closebolt"
				},
				"5.8542": {
					"effect": "hamster:gras1874/gras_closebolt"
				},
				"6.8542": {
					"effect": "hamster:lebel1886/lebel1886_handing_2"
				}
			}
		},
		"shoot": {
			"animation_length": 0.6667,
			"bones": {
				"root": {
					"rotation": {
						"0.0": {
							"post": [0, 0, 0],
							"lerp_mode": "catmullrom"
						},
						"0.0333": {
							"post": [1.02, 0.06, -0.3],
							"lerp_mode": "catmullrom"
						},
						"0.0667": {
							"post": [-17, 1, -1.5],
							"lerp_mode": "catmullrom"
						},
						"0.2": {
							"post": [-12.32, -1, 0.25],
							"lerp_mode": "catmullrom"
						},
						"0.2667": {
							"post": [-5.06, 0.33, -0.5],
							"lerp_mode": "catmullrom"
						},
						"0.3333": {
							"post": [-1.32, 0, 0],
							"lerp_mode": "catmullrom"
						},
						"0.3667": {
							"post": [0.1875, 0.75, 0],
							"lerp_mode": "catmullrom"
						},
						"0.4": {
							"post": [1.5925, 0, 0],
							"lerp_mode": "catmullrom"
						},
						"0.4333": {
							"post": [1.095, 0, 0],
							"lerp_mode": "catmullrom"
						},
						"0.4667": {
							"post": [-0.35563, 0, 0],
							"lerp_mode": "catmullrom"
						},
						"0.5": {
							"post": [-0.26652, 0, 0],
							"lerp_mode": "catmullrom"
						},
						"0.5667": {
							"post": [0.14804, 0, 0],
							"lerp_mode": "catmullrom"
						},
						"0.6667": {
							"post": [0, 0, 0],
							"lerp_mode": "catmullrom"
						}
					},
					"position": {
						"0.0": {
							"post": [0, 0, 0],
							"lerp_mode": "catmullrom"
						},
						"0.0333": {
							"post": [0, -0.5625, 2],
							"lerp_mode": "catmullrom"
						},
						"0.2": {
							"post": [0, 0.375, 1.285],
							"lerp_mode": "catmullrom"
						},
						"0.2667": {
							"post": [0, 0.3125, 0.65],
							"lerp_mode": "catmullrom"
						},
						"0.3667": {
							"post": [0, -0.125, 0.17],
							"lerp_mode": "catmullrom"
						},
						"0.5": {
							"post": [0, 0, 0],
							"lerp_mode": "catmullrom"
						}
					}
				},
				"constraint": {
					"rotation": [1, 1, 1],
					"position": [1, 1, 1]
				},
				"camera": {
					"rotation": {
						"0.0": {
							"post": [0, 0, 0],
							"lerp_mode": "catmullrom"
						},
						"0.0333": {
							"post": [0, 0, 2],
							"lerp_mode": "catmullrom"
						},
						"0.0667": {
							"post": [0, 0, -1],
							"lerp_mode": "catmullrom"
						},
						"0.1333": {
							"post": [0, 0, 0.5],
							"lerp_mode": "catmullrom"
						},
						"0.2": {
							"post": [0, 0, -0.25],
							"lerp_mode": "catmullrom"
						},
						"0.3333": {
							"post": [0, 0, 0],
							"lerp_mode": "catmullrom"
						}
					}
				}
			}
		},
		"bolt": {
			"animation_length": 1.25,
			"bones": {
				"rightHand": {
					"rotation": {
						"0.0": [84.32102, 14.82897, -180.27891],
						"0.2083": [126.26, 6.44, -155.52],
						"0.3333": [111.54143, 11.09222, -153.67129],
						"0.4167": [111.54143, 11.09222, -153.67129],
						"0.875": [111.54143, 11.09222, -153.67129],
						"0.9167": [111.54143, 11.09222, -153.67129],
						"1.0417": [84.32, 14.83, -180.28],
						"1.25": [84.32102, 14.82897, -180.27891]
					},
					"position": {
						"0.0": [-6.725, -15.55, 6.225],
						"0.1458": [-10.52, -12.05, 4.13],
						"0.2083": [-10.72, -10.55, 3.23],
						"0.3333": [-8.22, -8.05, 2.48],
						"0.4167": [-8.22, -8.05, 2.48],
						"0.6042": [-8.22, -8.05, 7.48],
						"0.6667": [-8.22, -8.05, 7.48],
						"0.875": [-8.22, -8.05, 2.48],
						"0.9167": [-8.22, -8.05, 2.48],
						"1.0417": [-10.72, -10.55, 3.23],
						"1.1042": [-10.52, -13.05, 4.13],
						"1.25": [-6.725, -15.55, 6.225]
					},
					"scale": [1, 1.5, 1]
				},
				"leftHand": {
					"rotation": [74.09999, -12.80314, -111.33658],
					"position": [7.15, -14.02, -6.82],
					"scale": [1, 1.5, 1]
				},
				"root": {
					"rotation": {
						"0.0": [0, 0, 0],
						"0.0833": [0, -0.36, -2.5],
						"0.1458": [0, -1.19, -7.4225],
						"0.2083": [0, -2.02, -17.7225],
						"0.25": [0, -2.26, -19.73],
						"0.2917": [-0.00029, -2.49997, -20.2369],
						"0.3333": [-0.11, -2.48, -14.6725],
						"0.375": [-0.21716, -2.46428, -12.48233],
						"0.4167": [-0.13, -2.48, -13.5425],
						"0.4792": [-0.00029, -2.49997, -16.5494],
						"0.5417": [-0.75, -2.5, -17.49],
						"0.6042": [-3.975, -2.5, -17.49],
						"0.6458": [-4.625, -2.5, -17.49],
						"0.7292": [-2.705, -2.5, -17.49],
						"0.7917": [0.86, -2.5, -17.49],
						"0.875": [3.05812, -2.49997, -19.86273],
						"0.9167": [2.72, -2.5, -21.9275],
						"0.9583": [0.62471, -2.49997, -23.8619],
						"1.0": [0.31, -2.28, -24.3275],
						"1.0417": [0, -2.07, -20.5525],
						"1.0833": [0, -1.5, -17.83],
						"1.1667": [0, -0.36, -2.5],
						"1.25": [0, 0, 0]
					},
					"position": {
						"0.0": [0, 0, 0],
						"0.0833": [-0.14, -0.57, 0.09753],
						"0.2292": [-0.84, -2.4527, 0.37918],
						"0.2917": [-1, -2.8681, 0.44139],
						"0.3958": [-1, -2.82, 0.44],
						"0.5": [-1, -2.76, 0.61],
						"0.5833": [-1, -2.65, 1.8775],
						"0.6458": [-1, -2.62, 2.315],
						"0.7083": [-1, -2.71, 1.815],
						"0.7917": [-1, -3.02, -0.4975],
						"0.875": [-1, -3.12, -0.935],
						"0.9583": [-1, -2.8681, -0.43361],
						"1.0417": [-0.74, -2.178, 0.31192],
						"1.1042": [-0.44, -1.37, 0.325],
						"1.1667": [-0.14, -0.57, 0.09753],
						"1.25": [0, 0, 0]
					}
				},
				"lever": {
					"rotation": {
						"0.5417": [0, 0, 0],
						"0.6042": [15, 0.1, 0],
						"0.6458": [15, 0.1, 0],
						"0.6875": [0, 0.1, 0]
					}
				},
				"bolt": {
					"position": {
						"0.4167": [0, 0, 0],
						"0.4583": [0, 0, 0.61],
						"0.5625": [0, 0, 3.875],
						"0.6042": [0, 0, 4.5],
						"0.6667": [0, 0, 4.5],
						"0.7292": [0, 0, 3.65],
						"0.8125": [0, 0, 0.7475],
						"0.875": [0, 0, 0]
					}
				},
				"bolt_movingpart": {
					"rotation": {
						"0.2083": [0, 0, 0],
						"0.3333": [0, 0, 90],
						"0.9167": [0, 0, 90],
						"1.0417": [0, 0, 0]
					}
				},
				"bullet": {
					"rotation": {
						"0.6042": [0, 0, 0],
						"0.6458": [15, 0, 0],
						"0.6875": [0, 0, 0]
					},
					"position": {
						"0.6042": [0, 0, 0],
						"0.6458": [0, 0.5, 3.5],
						"0.6875": [0, 1, 3.5],
						"0.7083": [0, 1, 3.5],
						"0.875": [0, 1, -0.0625]
					}
				},
				"bullet_on_barrel": {
					"rotation": {
						"0.5417": [0, 0, 0],
						"0.625": [-25, 30, 0],
						"0.8542": [-87.1056, -40.45267, -437.6804]
					},
					"position": {
						"0.4167": [0, 0, 0],
						"0.5417": [0, 0, 3.38],
						"0.625": [-1.25, 2.6875, 4.38],
						"0.6667": [-2.9, 3.5575, 4.96],
						"0.75": [-4.11, 2.5775, 6.5975],
						"0.7917": [-4.21, 1.4325, 7.9],
						"0.8333": [-4.265, -0.74, 8.5525],
						"0.875": [-4, -5.875, 8.88],
						"0.9167": [-4, -15.245, 8.9425]
					},
					"scale": {
						"0.8542": [1, 1, 1],
						"0.9375": [0, 0, 0]
					}
				},
				"head": {
					"scale": 0
				},
				"constraint": {
					"rotation": {
						"0.0": [1, 1, 1],
						"1.0": [1, 1, 1],
						"1.25": [0, 0, 0]
					},
					"position": {
						"0.0": [1, 1, 1],
						"1.0": [1, 1, 1],
						"1.25": [0, 0, 0]
					}
				},
				"camera": {
					"rotation": {
						"0.0": {
							"post": [0, 0, 0],
							"lerp_mode": "catmullrom"
						},
						"0.1042": {
							"post": [0, 0, 0.1925],
							"lerp_mode": "catmullrom"
						},
						"0.2083": {
							"post": [0, 0, 1],
							"lerp_mode": "catmullrom"
						},
						"0.3333": {
							"post": [0, 0, -1],
							"lerp_mode": "catmullrom"
						},
						"0.375": {
							"post": [0, 0, 0.4375],
							"lerp_mode": "catmullrom"
						},
						"0.4375": {
							"post": [0, 0, 0],
							"lerp_mode": "catmullrom"
						},
						"0.625": {
							"post": [0, 0, 0.3125],
							"lerp_mode": "catmullrom"
						},
						"0.8333": {
							"post": [0, 0, -0.5],
							"lerp_mode": "catmullrom"
						},
						"0.9375": {
							"post": [0, 0, 0],
							"lerp_mode": "catmullrom"
						},
						"1.0417": {
							"post": [0, 0, 1.375],
							"lerp_mode": "catmullrom"
						},
						"1.1042": {
							"post": [0, 0, -0.4375],
							"lerp_mode": "catmullrom"
						},
						"1.1458": {
							"post": [0, 0, 0],
							"lerp_mode": "catmullrom"
						}
					}
				}
			},
			"sound_effects": {
				"0.1875": {
					"effect": "hamster:lebel1886/lebel1886_bolt_1"
				},
				"0.6875": {
					"effect": "hamster:lebel1886/lebel1886_bolt_2"
				}
			}
		}
	}
}