{
	"format_version": "1.8.0",
	"animations": {
		"static_idle": {
			"animation_length": 0.1,
			"bones": {
				"leftHand": {
					"rotation": [90, 0, 0],
					"position": [16, -16, 6],
					"scale": [1, 1.5, 1]
				},
				"rightHand": {
					"rotation": [89.98307, 7.35911, -175.14826],
					"position": [-6.725, -16.3, -7.025],
					"scale": [1, 1.5, 1]
				},
				"constraint": {
					"rotation": [0.1, 0.1, 0.1],
					"position": [0.1, 0.1, 0.1]
				}
			}
		},
		"static_bolt_caught": {
			"animation_length": 0.1,
			"bones": {
				"leftHand": {
					"rotation": [90, 0, 0],
					"position": [16, -16, 6],
					"scale": [1, 1.5, 1]
				},
				"bullet": {
					"scale": 0
				},
				"upper": {
					"position": [0, 0, 0.25]
				},
				"part3": {
					"rotation": [-77.5, 0, 0]
				},
				"part2": {
					"rotation": [42.5, 0, 0]
				},
				"part1": {
					"position": [0, 0, 1.75]
				},
				"rightHand": {
					"rotation": [89.98307, 7.35911, -175.14826],
					"position": [-6.725, -16.3, -7.025],
					"scale": [1, 1.5, 1]
				},
				"constraint": {
					"rotation": [0.1, 0.1, 0.1],
					"position": [0.1, 0.1, 0.1]
				}
			}
		},
		"draw": {
			"loop": "hold_on_last_frame",
			"animation_length": 0.75,
			"bones": {
				"leftHand": {
					"rotation": [90, 0, 0],
					"position": [16, -16, 6],
					"scale": [1, 1.5, 1]
				},
				"rightHand": {
					"rotation": [89.98307, 7.35911, -175.14826],
					"position": [-6.725, -16.3, -7.025],
					"scale": [1, 1.5, 1]
				},
				"root": {
					"rotation": {
						"0.0": {
							"post": [10.60618, -10.81177, 19.85469],
							"lerp_mode": "catmullrom"
						},
						"0.0625": {
							"post": [9.51, -17.07, 19.66],
							"lerp_mode": "catmullrom"
						},
						"0.1458": {
							"post": [-5.27, -34.25, 18.3],
							"lerp_mode": "catmullrom"
						},
						"0.25": {
							"post": [-59.52805, 15.7967, 23.13921],
							"lerp_mode": "catmullrom"
						},
						"0.2917": {
							"post": [-67.49, 17.6775, 20.33],
							"lerp_mode": "catmullrom"
						},
						"0.3333": {
							"post": [-52.62, 12.31, 16.29],
							"lerp_mode": "catmullrom"
						},
						"0.3958": {
							"post": [-43.48053, 6.63356, 9.43254],
							"lerp_mode": "catmullrom"
						},
						"0.5417": {
							"post": [-13.08, 3.13, 4.01],
							"lerp_mode": "catmullrom"
						},
						"0.6042": {
							"post": [-10.9925, 1.66, 2.05],
							"lerp_mode": "catmullrom"
						},
						"0.6458": {
							"post": [-3.19, 0.93, 1.15],
							"lerp_mode": "catmullrom"
						},
						"0.75": {
							"post": [0, 0, 0],
							"lerp_mode": "catmullrom"
						}
					},
					"position": {
						"0.0": {
							"post": [-6, -12, -2],
							"lerp_mode": "catmullrom"
						},
						"0.125": {
							"post": [-5.64, -9.63, -2],
							"lerp_mode": "catmullrom"
						},
						"0.25": {
							"post": [-2.375, 1, -2],
							"lerp_mode": "catmullrom"
						},
						"0.4167": {
							"post": [-0.54, 1.65, -1.8075],
							"lerp_mode": "catmullrom"
						},
						"0.5208": {
							"post": [-0.31, -0.64, -1.2675],
							"lerp_mode": "catmullrom"
						},
						"0.5833": {
							"post": [-0.2, -1.23, -0.8675],
							"lerp_mode": "catmullrom"
						},
						"0.625": {
							"post": [-0.14, -1.27, 0.0275],
							"lerp_mode": "catmullrom"
						},
						"0.75": {
							"post": [0, 0, 0],
							"lerp_mode": "catmullrom"
						}
					}
				},
				"constraint": {
					"rotation": [0.1, 0.1, 0.1],
					"position": [0.1, 0.1, 0.1]
				},
				"camera": {
					"rotation": {
						"0.0": {
							"post": [0, 0, 0],
							"lerp_mode": "catmullrom"
						},
						"0.1042": {
							"post": [0, 0, 0.5625],
							"lerp_mode": "catmullrom"
						},
						"0.2083": {
							"post": [0, 0, -0.9375],
							"lerp_mode": "catmullrom"
						},
						"0.2917": {
							"post": [0, 0, 1.375],
							"lerp_mode": "catmullrom"
						},
						"0.3333": {
							"post": [0, 0, -0.8125],
							"lerp_mode": "catmullrom"
						},
						"0.5": {
							"post": [0, 0, 0.5625],
							"lerp_mode": "catmullrom"
						},
						"0.5833": {
							"post": [0, 0, 0.4375],
							"lerp_mode": "catmullrom"
						},
						"0.6458": {
							"post": [0, 0, -0.8125],
							"lerp_mode": "catmullrom"
						},
						"0.7083": {
							"post": [0, 0, 0],
							"lerp_mode": "catmullrom"
						}
					}
				}
			},
			"sound_effects": {
				"0.0": {
					"effect": "hamster:p08/p08_handling"
				}
			}
		},
		"put_away": {
			"animation_length": 0.75,
			"bones": {
				"leftHand": {
					"rotation": [90, 0, 0],
					"position": {
						"0.0": [16, -16, 6],
						"0.75": [16, -25.5, 6]
					},
					"scale": [1, 1.5, 1]
				},
				"rightHand": {
					"rotation": [89.98307, 7.35911, -175.14826],
					"position": [-6.725, -16.3, -7.025],
					"scale": [1, 1.5, 1]
				},
				"root": {
					"rotation": {
						"0.0": {
							"post": [0, 0, 0],
							"lerp_mode": "catmullrom"
						},
						"0.1042": {
							"post": [-5.47, 0.54, -1.19],
							"lerp_mode": "catmullrom"
						},
						"0.2292": {
							"post": [-18.345, 3.17, -6.77],
							"lerp_mode": "catmullrom"
						},
						"0.3333": {
							"post": [3.17001, -10.46288, 15.17997],
							"lerp_mode": "catmullrom"
						},
						"0.4583": {
							"post": [29.53, -14.875, 6.8125],
							"lerp_mode": "catmullrom"
						},
						"0.75": {
							"post": [42.27566, 10.70489, -22.85632],
							"lerp_mode": "catmullrom"
						}
					},
					"position": {
						"0.0": {
							"post": [0, 0, 0],
							"lerp_mode": "catmullrom"
						},
						"0.2292": {
							"post": [0, 0.1975, -1.75],
							"lerp_mode": "catmullrom"
						},
						"0.4792": {
							"post": [0, -7.73, -0.06],
							"lerp_mode": "catmullrom"
						},
						"0.75": {
							"post": [0, -9.25, 0],
							"lerp_mode": "catmullrom"
						}
					}
				},
				"constraint": {
					"rotation": [0.1, 0.1, 0.1],
					"position": [0.1, 0.1, 0.1]
				},
				"camera": {
					"rotation": {
						"0.0": {
							"post": [0, 0, 0],
							"lerp_mode": "catmullrom"
						},
						"0.2083": {
							"post": [0, 0, 0.6875],
							"lerp_mode": "catmullrom"
						},
						"0.3125": {
							"post": [0, 0, 0.625],
							"lerp_mode": "catmullrom"
						},
						"0.375": {
							"post": [0, 0, -0.8125],
							"lerp_mode": "catmullrom"
						},
						"0.4375": {
							"post": [0, 0, 1.375],
							"lerp_mode": "catmullrom"
						},
						"0.5625": {
							"post": [0, 0, -0.5],
							"lerp_mode": "catmullrom"
						},
						"0.7083": {
							"post": [0, 0, 0],
							"lerp_mode": "catmullrom"
						}
					}
				}
			},
			"sound_effects": {
				"0.1875": {
					"effect": "hamster:p08/p08_handling_1"
				}
			}
		},
		"shoot": {
			"animation_length": 1.0625,
			"bones": {
				"root": {
					"rotation": {
						"0.0": {
							"post": [0, 0, 0],
							"lerp_mode": "catmullrom"
						},
						"0.0208": {
							"post": [1.88, 0.6486, -0.686],
							"lerp_mode": "catmullrom"
						},
						"0.0417": {
							"post": [-8.0095, 1.51, -3.0708],
							"lerp_mode": "catmullrom"
						},
						"0.0833": {
							"post": [-10.72328, -0.99346, -1.8636],
							"lerp_mode": "catmullrom"
						},
						"0.1667": {
							"post": [-2.4153, -1.0085, -1.55355],
							"lerp_mode": "catmullrom"
						},
						"0.25": {
							"post": [0.415, 1.1742, -2.17355],
							"lerp_mode": "catmullrom"
						},
						"0.3958": {
							"post": [0.7951, -0.899, -0.3226],
							"lerp_mode": "catmullrom"
						},
						"0.5833": {
							"post": [-0.25, -0.6508, 0.4212],
							"lerp_mode": "catmullrom"
						},
						"0.75": {
							"post": [0, 0, 0],
							"lerp_mode": "catmullrom"
						},
						"1.0625": {
							"post": [0, 0, 0],
							"lerp_mode": "catmullrom"
						}
					},
					"position": {
						"0.0": {
							"post": [0, 0, 0],
							"lerp_mode": "catmullrom"
						},
						"0.125": {
							"post": [-0.125, -0.375, 0.5625],
							"lerp_mode": "catmullrom"
						},
						"0.3958": {
							"post": [0.0025, 0.11, 0.36],
							"lerp_mode": "catmullrom"
						},
						"0.5417": {
							"post": [0.01, 0.08, -0.06],
							"lerp_mode": "catmullrom"
						},
						"0.7292": {
							"post": [0, 0, 0],
							"lerp_mode": "catmullrom"
						},
						"1.0625": {
							"post": [0, 0, 0],
							"lerp_mode": "catmullrom"
						}
					}
				},
				"bullet": {
					"rotation": {
						"0.0208": [0, 0, 0],
						"0.0417": [-20, 0, 0],
						"0.1042": {
							"pre": [-244.84589, 29.82755, -191.29664],
							"post": [-244.84589, 29.82755, -191.29664],
							"lerp_mode": "catmullrom"
						},
						"0.1667": {
							"post": [-605.355, 16.78, -621.62],
							"lerp_mode": "catmullrom"
						},
						"0.2292": {
							"post": [-20, 0, 0],
							"lerp_mode": "catmullrom"
						},
						"0.25": [0, 0, 0]
					},
					"position": {
						"0.0208": [0, 0, 0],
						"0.0417": [0, 0.25, 0],
						"0.1042": {
							"pre": [-1.3125, 4.75, 0],
							"post": [-1.3125, 4.75, 0],
							"lerp_mode": "catmullrom"
						},
						"0.1667": {
							"post": [-5.125, 4.25, 0],
							"lerp_mode": "catmullrom"
						},
						"0.2292": {
							"post": [-14, -7.25, 0],
							"lerp_mode": "catmullrom"
						},
						"0.25": [0, 0, 0]
					},
					"scale": {
						"0.0": [1, 1, 1],
						"0.2292": {
							"pre": [1, 1, 1],
							"post": [0, 0, 0]
						},
						"0.25": {
							"pre": [0, 0, 0],
							"post": [1, 1, 1]
						}
					}
				},
				"upper": {
					"position": {
						"0.0": [0, 0, 0],
						"0.0208": [0, 0, 0.25],
						"0.1875": [0, 0, 0.25],
						"0.2083": [0, 0, 0]
					}
				},
				"part3": {
					"rotation": {
						"0.0208": [0, 0, 0],
						"0.0417": [-80, 0, 0],
						"0.0833": [-80, 0, 0],
						"0.1458": {
							"pre": [-42.58, 0, 0],
							"post": [-42.58, 0, 0],
							"lerp_mode": "catmullrom"
						},
						"0.1667": {
							"post": [-21.45, 0, 0],
							"lerp_mode": "catmullrom"
						},
						"0.1875": {
							"post": [0, 0, 0],
							"lerp_mode": "catmullrom"
						}
					}
				},
				"part1": {
					"position": {
						"0.0208": [0, 0, 0],
						"0.0417": [0, 0, 1.75],
						"0.0833": [0, 0, 1.75],
						"0.1875": {
							"pre": [0, 0, 0],
							"post": [0, 0, 0],
							"lerp_mode": "catmullrom"
						}
					}
				},
				"part2": {
					"rotation": {
						"0.0208": [0, 0, 0],
						"0.0417": [40, 0, 0],
						"0.0833": [40, 0, 0],
						"0.1042": {
							"pre": [42.2325, 0, 0],
							"post": [42.2325, 0, 0],
							"lerp_mode": "catmullrom"
						},
						"0.125": {
							"post": [38.3725, 0, 0],
							"lerp_mode": "catmullrom"
						},
						"0.1458": {
							"post": [29.17, 0, 0],
							"lerp_mode": "catmullrom"
						},
						"0.1667": {
							"post": [13.73, 0, 0],
							"lerp_mode": "catmullrom"
						},
						"0.1875": {
							"post": [0, 0, 0],
							"lerp_mode": "catmullrom"
						}
					}
				},
				"head": {
					"scale": 0
				},
				"constraint": {
					"rotation": {
						"0.0": [1, 1, 1],
						"0.3333": [1, 1, 1],
						"0.625": [0.1, 0.1, 0.1]
					},
					"position": {
						"0.0": [1, 1, 1],
						"0.3333": [1, 1, 1],
						"0.625": [0.1, 0.1, 0.1]
					}
				},
				"camera": {
					"rotation": {
						"0.0": {
							"post": [0, 0, 0],
							"lerp_mode": "catmullrom"
						},
						"0.0417": {
							"post": [0, 0, 2.125],
							"lerp_mode": "catmullrom"
						},
						"0.0625": {
							"post": [0, 0, -1.125],
							"lerp_mode": "catmullrom"
						},
						"0.125": {
							"post": [0, 0, 0.875],
							"lerp_mode": "catmullrom"
						},
						"0.2083": {
							"post": [0, 0, -0.25],
							"lerp_mode": "catmullrom"
						},
						"0.3333": {
							"post": [0, 0, 0],
							"lerp_mode": "catmullrom"
						}
					}
				}
			}
		},
		"run": {
			"loop": true,
			"animation_length": 0.6667,
			"bones": {
				"root": {
					"rotation": {
						"0.0": {
							"post": [-57.43739, -1.65224, -1.98065],
							"lerp_mode": "catmullrom"
						},
						"0.1667": {
							"post": [-57.40353, -0.32216, -4.09858],
							"lerp_mode": "catmullrom"
						},
						"0.3333": {
							"post": [-57.44, -1.65, -1.98],
							"lerp_mode": "catmullrom"
						},
						"0.5": {
							"post": [-57.66052, -4.29709, 2.26791],
							"lerp_mode": "catmullrom"
						},
						"0.6667": {
							"post": [-57.43739, -1.65224, -1.98065],
							"lerp_mode": "catmullrom"
						}
					},
					"position": {
						"0.0": {
							"post": [-4.5, 0.75, -2.5],
							"lerp_mode": "catmullrom"
						},
						"0.1042": {
							"post": [-4.0625, -1.3475, -2.5],
							"lerp_mode": "catmullrom"
						},
						"0.1667": {
							"post": [-4, -1.56, -2.5],
							"lerp_mode": "catmullrom"
						},
						"0.2292": {
							"post": [-4.1875, -1.3625, -2.5],
							"lerp_mode": "catmullrom"
						},
						"0.3333": {
							"post": [-4.875, 0.1875, -2.5],
							"lerp_mode": "catmullrom"
						},
						"0.4375": {
							"post": [-5.75, -1.3575, -2.5],
							"lerp_mode": "catmullrom"
						},
						"0.5": {
							"post": [-6, -1.5625, -2.5],
							"lerp_mode": "catmullrom"
						},
						"0.5625": {
							"post": [-5.8125, -1.215, -2.5],
							"lerp_mode": "catmullrom"
						},
						"0.6667": {
							"post": [-4.5, 0.75, -2.5],
							"lerp_mode": "catmullrom"
						}
					}
				}
			}
		},
		"run_start": {
			"animation_length": 0.3958,
			"bones": {
				"root": {
					"rotation": {
						"0.0": {
							"post": [0, 0, 0],
							"lerp_mode": "catmullrom"
						},
						"0.1042": {
							"post": [-8.33, -1.61, -1.14],
							"lerp_mode": "catmullrom"
						},
						"0.2917": {
							"post": [-46.62, 2.6275, 0.5625],
							"lerp_mode": "catmullrom"
						},
						"0.3958": {
							"post": [-57.43739, -1.65224, -1.98065],
							"lerp_mode": "catmullrom"
						}
					},
					"position": {
						"0.0": {
							"post": [0, 0, 0],
							"lerp_mode": "catmullrom"
						},
						"0.25": {
							"post": [-2.98, -1.8475, -1.66],
							"lerp_mode": "catmullrom"
						},
						"0.3958": {
							"post": [-4.5, 0.75, -2.5],
							"lerp_mode": "catmullrom"
						}
					}
				}
			}
		},
		"run_end": {
			"animation_length": 0.3958,
			"bones": {
				"root": {
					"rotation": {
						"0.0": {
							"post": [-57.43739, -1.65224, -1.98065],
							"lerp_mode": "catmullrom"
						},
						"0.1042": {
							"post": [-46.62, -0.3725, 6.5625],
							"lerp_mode": "catmullrom"
						},
						"0.2917": {
							"post": [-8.33, -1.61, -1.14],
							"lerp_mode": "catmullrom"
						},
						"0.3958": {
							"post": [0, 0, 0],
							"lerp_mode": "catmullrom"
						}
					},
					"position": {
						"0.0": {
							"post": [-4.5, 0.75, -2.5],
							"lerp_mode": "catmullrom"
						},
						"0.25": {
							"post": [-1.52, -1.2775, -0.84],
							"lerp_mode": "catmullrom"
						},
						"0.3958": {
							"post": [0, 0, 0],
							"lerp_mode": "catmullrom"
						}
					}
				}
			}
		},
		"run_hold": {
			"animation_length": 0.5,
			"bones": {
				"root": {
					"rotation": [-57.43739, -1.65224, -1.98065],
					"position": [-4.5, -0.5, -2.5]
				}
			}
		},
		"reload_empty": {
			"loop": "hold_on_last_frame",
			"animation_length": 4.7292,
			"bones": {
				"leftHand": {
					"rotation": {
						"0.0": {
							"post": [90, 0, 0],
							"lerp_mode": "catmullrom"
						},
						"0.5417": {
							"post": [51.90396, 31.88919, -21.41226],
							"lerp_mode": "catmullrom"
						},
						"0.6875": {
							"post": [51.9, 31.89, -21.41],
							"lerp_mode": "catmullrom"
						},
						"0.8333": {
							"post": [49.4, 31.89, -21.41],
							"lerp_mode": "catmullrom"
						},
						"1.5625": {
							"post": [49.4, 31.89, -21.41],
							"lerp_mode": "catmullrom"
						},
						"1.875": {
							"post": [73.67107, 56.25314, -29.45449],
							"lerp_mode": "catmullrom"
						},
						"2.125": {
							"post": [108.16331, 27.48672, 1.09403],
							"lerp_mode": "catmullrom"
						},
						"3.3333": {
							"post": [66.73806, 59.96186, -0.88504],
							"lerp_mode": "catmullrom"
						},
						"3.7917": {
							"post": [61.51399, 19.719, -59.57474],
							"lerp_mode": "catmullrom"
						},
						"3.9167": {
							"post": [61.51, 19.72, -59.57],
							"lerp_mode": "catmullrom"
						},
						"4.0": {
							"post": [61.51, 19.72, -59.57],
							"lerp_mode": "catmullrom"
						},
						"4.0833": {
							"post": [56.85376, 34.7919, -69.62903],
							"lerp_mode": "catmullrom"
						},
						"4.375": {
							"post": [90, 0, 0],
							"lerp_mode": "catmullrom"
						}
					},
					"position": {
						"0.0": {
							"post": [16, -20, 3],
							"lerp_mode": "catmullrom"
						},
						"0.5417": {
							"post": [6.5, -20.75, -3.75],
							"lerp_mode": "catmullrom"
						},
						"0.6875": {
							"post": [6.5, -20.75, -3.75],
							"lerp_mode": "catmullrom"
						},
						"0.8333": {
							"post": [6.5, -20.5, -3.5],
							"lerp_mode": "catmullrom"
						},
						"1.3542": {
							"post": [6.38, -20.21, -3.88],
							"lerp_mode": "catmullrom"
						},
						"1.4583": {
							"post": [7.03, -20.09, -4.62],
							"lerp_mode": "catmullrom"
						},
						"1.5625": {
							"post": [7.75, -20.5, -7.0625],
							"lerp_mode": "catmullrom"
						},
						"1.875": {
							"post": [2.75, -24.5, 2],
							"lerp_mode": "catmullrom"
						},
						"2.125": {
							"post": [7.25, -18.25, -3.5],
							"lerp_mode": "catmullrom"
						},
						"2.8542": {
							"post": [6.45, -20.75, -4.26],
							"lerp_mode": "catmullrom"
						},
						"2.9792": {
							"post": [6.45, -20.75, -4.26],
							"lerp_mode": "catmullrom"
						},
						"3.3333": {
							"post": [6.93, -20.09, -3.72],
							"lerp_mode": "catmullrom"
						},
						"3.4375": {
							"post": [10.12, -17.88, -4.83],
							"lerp_mode": "catmullrom"
						},
						"3.5625": {
							"post": [11, -14.87, -3.48],
							"lerp_mode": "catmullrom"
						},
						"3.6667": {
							"post": [9.19, -12.15, -3.47],
							"lerp_mode": "catmullrom"
						},
						"3.7917": {
							"post": [7.75, -11.5, -3.5],
							"lerp_mode": "catmullrom"
						},
						"3.9167": {
							"post": [7.75, -11.5, -3.75],
							"lerp_mode": "catmullrom"
						},
						"4.0": {
							"post": [7.75, -11.5, -3.75],
							"lerp_mode": "catmullrom"
						},
						"4.0833": {
							"post": [7.75, -10.75, -1.5],
							"lerp_mode": "catmullrom"
						},
						"4.375": {
							"post": [16, -20, 3],
							"lerp_mode": "catmullrom"
						}
					},
					"scale": [1, 1.5, 1]
				},
				"bullet": {
					"scale": {
						"0.0": [0, 0, 0],
						"2.125": {
							"pre": [0, 0, 0],
							"post": [1, 1, 1]
						}
					}
				},
				"upper": {
					"position": {
						"0.0": [0, 0, 0.25],
						"4.2708": [0, 0, 0.25],
						"4.2917": [0, 0, 0]
					}
				},
				"part3": {
					"rotation": {
						"0.0": [-77.5, 0, 0],
						"4.0208": [-79.94, 0, 0],
						"4.0833": {
							"pre": [-104.98, 0, 0],
							"post": [-104.98, 0, 0],
							"lerp_mode": "catmullrom"
						},
						"4.125": {
							"post": [-80, 0, 0],
							"lerp_mode": "catmullrom"
						},
						"4.2083": {
							"post": [-44.22, 0, 0],
							"lerp_mode": "catmullrom"
						},
						"4.2292": {
							"post": [-32.58, 0, 0],
							"lerp_mode": "catmullrom"
						},
						"4.25": {
							"post": [-21.45, 0, 0],
							"lerp_mode": "catmullrom"
						},
						"4.2708": {
							"post": [0, 0, 0],
							"lerp_mode": "catmullrom"
						}
					}
				},
				"part2": {
					"rotation": {
						"0.0": [42.5, 0, 0],
						"4.0208": [40.06, 0, 0],
						"4.0833": {
							"pre": [40.02, 0, 0],
							"post": [40.02, 0, 0],
							"lerp_mode": "catmullrom"
						},
						"4.125": {
							"post": [40, 0, 0],
							"lerp_mode": "catmullrom"
						},
						"4.1667": {
							"post": [42.2325, 0, 0],
							"lerp_mode": "catmullrom"
						},
						"4.1875": {
							"post": [36.02, 0, 0],
							"lerp_mode": "catmullrom"
						},
						"4.2083": {
							"post": [28.3725, 0, 0],
							"lerp_mode": "catmullrom"
						},
						"4.2292": {
							"post": [24.17, 0, 0],
							"lerp_mode": "catmullrom"
						},
						"4.25": {
							"post": [13.73, 0, 0],
							"lerp_mode": "catmullrom"
						},
						"4.2708": {
							"post": [0, 0, 0],
							"lerp_mode": "catmullrom"
						}
					}
				},
				"part1": {
					"position": {
						"0.0": [0, 0, 1.75],
						"4.0208": [0, 0, 1.75],
						"4.0833": {
							"pre": [0, 0, 2],
							"post": [0, 0, 2],
							"lerp_mode": "catmullrom"
						},
						"4.125": {
							"post": [0, 0, 1.75],
							"lerp_mode": "catmullrom"
						},
						"4.25": {
							"post": [0, 0, 0],
							"lerp_mode": "catmullrom"
						}
					}
				},
				"rightHand": {
					"rotation": {
						"0.0": {
							"post": [89.98307, 7.35911, -175.14826],
							"lerp_mode": "catmullrom"
						},
						"0.25": {
							"post": [89.98, 7.36, -175.15],
							"lerp_mode": "catmullrom"
						},
						"0.5": {
							"post": [79.98, 7.36, -175.15],
							"lerp_mode": "catmullrom"
						},
						"4.2292": {
							"post": [79.98, 7.36, -175.15],
							"lerp_mode": "catmullrom"
						},
						"4.4792": {
							"post": [89.98, 7.36, -175.15],
							"lerp_mode": "catmullrom"
						},
						"4.7292": {
							"post": [89.98307, 7.35911, -175.14826],
							"lerp_mode": "catmullrom"
						}
					},
					"position": {
						"0.0": {
							"post": [-6.725, -16.3, -7.025],
							"lerp_mode": "catmullrom"
						},
						"0.5": {
							"post": [-6.72, -16.3, -6.02],
							"lerp_mode": "catmullrom"
						},
						"4.2292": {
							"post": [-6.72, -16.3, -6.02],
							"lerp_mode": "catmullrom"
						},
						"4.7292": {
							"post": [-6.725, -16.3, -7.025],
							"lerp_mode": "catmullrom"
						}
					},
					"scale": [1, 1.5, 1]
				},
				"root": {
					"rotation": {
						"0.0": {
							"post": [0, 0, 0],
							"lerp_mode": "catmullrom"
						},
						"0.25": {
							"post": [-6.48, -11.56, -3.23],
							"lerp_mode": "catmullrom"
						},
						"0.4375": {
							"post": [-17.66013, -45.5486, -12.71588],
							"lerp_mode": "catmullrom"
						},
						"0.6042": {
							"post": [-14.85082, -46.1061, -12.87401],
							"lerp_mode": "catmullrom"
						},
						"0.7083": {
							"post": [-36.3625, -41.8575, -12.97],
							"lerp_mode": "catmullrom"
						},
						"0.7917": {
							"post": [-37.8, -46.15, -13.05],
							"lerp_mode": "catmullrom"
						},
						"0.875": {
							"post": [-41.72, -47.82, -13.17],
							"lerp_mode": "catmullrom"
						},
						"0.9792": {
							"post": [-46.4525, -52.06, -13.26],
							"lerp_mode": "catmullrom"
						},
						"1.1667": {
							"post": [-44.66332, -46.1061, -12.87401],
							"lerp_mode": "catmullrom"
						},
						"1.25": {
							"post": [-29.86, -50.8275, -12.86],
							"lerp_mode": "catmullrom"
						},
						"1.375": {
							"post": [-31.72582, -46.1061, -12.87401],
							"lerp_mode": "catmullrom"
						},
						"1.5": {
							"post": [-22.9425, -46.2, -12.98],
							"lerp_mode": "catmullrom"
						},
						"1.8125": {
							"post": [-15.39, -31.6, -13.69],
							"lerp_mode": "catmullrom"
						},
						"2.2083": {
							"post": [6.14, -22.38, -23.455],
							"lerp_mode": "catmullrom"
						},
						"2.4167": {
							"post": [7.98888, -24.55445, -43.84274],
							"lerp_mode": "catmullrom"
						},
						"2.5": {
							"post": [9.4925, -26.11, -45.905],
							"lerp_mode": "catmullrom"
						},
						"2.5833": {
							"post": [-3.425, -20.1975, -41.965],
							"lerp_mode": "catmullrom"
						},
						"2.7292": {
							"post": [9.69436, -21.30674, -48.87499],
							"lerp_mode": "catmullrom"
						},
						"2.8333": {
							"post": [8.04, -26.3525, -45.815],
							"lerp_mode": "catmullrom"
						},
						"3.0625": {
							"post": [-18.515, -38.4275, -28.13],
							"lerp_mode": "catmullrom"
						},
						"3.1458": {
							"post": [-12.6025, -32.145, -25.57],
							"lerp_mode": "catmullrom"
						},
						"3.2708": {
							"post": [-18.04, -36.145, -25.57],
							"lerp_mode": "catmullrom"
						},
						"3.4375": {
							"post": [-17.66, -16.7375, 9.28],
							"lerp_mode": "catmullrom"
						},
						"3.7917": {
							"post": [-22.07311, 19.58716, 53.1256],
							"lerp_mode": "catmullrom"
						},
						"4.0": {
							"post": [-23.73, 23.08, 59.19],
							"lerp_mode": "catmullrom"
						},
						"4.0833": {
							"post": [-36.00793, 22.77768, 59.85965],
							"lerp_mode": "catmullrom"
						},
						"4.1667": {
							"post": [-36.945, 19.59, 53.13],
							"lerp_mode": "catmullrom"
						},
						"4.2708": {
							"post": [-28.86496, 15.85972, 43.1431],
							"lerp_mode": "catmullrom"
						},
						"4.3333": {
							"post": [0.2275, 16.5175, 36.96],
							"lerp_mode": "catmullrom"
						},
						"4.4375": {
							"post": [-8.1675, 9.01, 24.52],
							"lerp_mode": "catmullrom"
						},
						"4.5417": {
							"post": [3.2075, 3.63, 13.55],
							"lerp_mode": "catmullrom"
						},
						"4.625": {
							"post": [0, 0, 5.75],
							"lerp_mode": "catmullrom"
						},
						"4.7292": {
							"post": [0, 0, 0],
							"lerp_mode": "catmullrom"
						}
					},
					"position": {
						"0.0": {
							"post": [0, 0, 0],
							"lerp_mode": "catmullrom"
						},
						"0.1458": {
							"post": [-0.17, -0.435, -0.22],
							"lerp_mode": "catmullrom"
						},
						"0.2708": {
							"post": [-0.45, -0.745, -0.57],
							"lerp_mode": "catmullrom"
						},
						"0.4375": {
							"post": [-1, 2.5, -1.875],
							"lerp_mode": "catmullrom"
						},
						"0.5417": {
							"post": [-1.03, 2.69, -2.2175],
							"lerp_mode": "catmullrom"
						},
						"0.7083": {
							"post": [-1, 1.4375, -2.1875],
							"lerp_mode": "catmullrom"
						},
						"0.8958": {
							"post": [-1, 1.6525, -2.1775],
							"lerp_mode": "catmullrom"
						},
						"1.1458": {
							"post": [-1, 1.9175, -2.1675],
							"lerp_mode": "catmullrom"
						},
						"1.3125": {
							"post": [-1, 3.14, -1.9175],
							"lerp_mode": "catmullrom"
						},
						"1.5": {
							"post": [-1, 2.55, -1.22],
							"lerp_mode": "catmullrom"
						},
						"1.7292": {
							"post": [-1, 2.57, -1.21],
							"lerp_mode": "catmullrom"
						},
						"1.9792": {
							"post": [-1, 0.1625, -1.2],
							"lerp_mode": "catmullrom"
						},
						"2.2083": {
							"post": [-1, 0.11, -1.19],
							"lerp_mode": "catmullrom"
						},
						"2.4167": {
							"post": [-1, 1.45, -1.17],
							"lerp_mode": "catmullrom"
						},
						"2.5": {
							"post": [-1, 2.88, -1.16],
							"lerp_mode": "catmullrom"
						},
						"2.5833": {
							"post": [-1, 1.665, -1.16],
							"lerp_mode": "catmullrom"
						},
						"2.6667": {
							"post": [-1, 1.505, -1.16],
							"lerp_mode": "catmullrom"
						},
						"2.875": {
							"post": [-1, 2.415, -1.16],
							"lerp_mode": "catmullrom"
						},
						"3.0625": {
							"post": [-1, 2.5525, -1.16],
							"lerp_mode": "catmullrom"
						},
						"3.1875": {
							"post": [-1, 4.225, -1.17],
							"lerp_mode": "catmullrom"
						},
						"3.3542": {
							"post": [-1, 4.1225, -1.09],
							"lerp_mode": "catmullrom"
						},
						"3.4375": {
							"post": [-1.5625, 3.0625, -1.25],
							"lerp_mode": "catmullrom"
						},
						"3.5625": {
							"post": [-3.25, 0.65, -3.1275],
							"lerp_mode": "catmullrom"
						},
						"3.6875": {
							"post": [-2.375, -0.9025, -2.45],
							"lerp_mode": "catmullrom"
						},
						"3.7917": {
							"post": [-1, 0.75, -1.75],
							"lerp_mode": "catmullrom"
						},
						"3.9792": {
							"post": [-1.05, 0.86, -1.99],
							"lerp_mode": "catmullrom"
						},
						"4.0833": {
							"post": [-1.09, 0.235, -1.0525],
							"lerp_mode": "catmullrom"
						},
						"4.1667": {
							"post": [-1, 0.75, -1.4375],
							"lerp_mode": "catmullrom"
						},
						"4.2708": {
							"post": [-0.81, 0.15, -1.4725],
							"lerp_mode": "catmullrom"
						},
						"4.3333": {
							"post": [-0.69, -0.69, -2.265],
							"lerp_mode": "catmullrom"
						},
						"4.4583": {
							"post": [-0.51, -0.83, -0.465],
							"lerp_mode": "catmullrom"
						},
						"4.5417": {
							"post": [-0.36, -0.625, -0.18],
							"lerp_mode": "catmullrom"
						},
						"4.625": {
							"post": [-0.19, 0.16, -0.08],
							"lerp_mode": "catmullrom"
						},
						"4.7292": {
							"post": [0, 0, 0],
							"lerp_mode": "catmullrom"
						}
					}
				},
				"lefthand_and_ammo": {
					"rotation": {
						"0.5417": {
							"pre": [0, 0, 0],
							"post": [0, 0, 0],
							"lerp_mode": "catmullrom"
						},
						"1.0417": {
							"post": [0, 0, 0],
							"lerp_mode": "catmullrom"
						},
						"1.1458": {
							"post": [-12.5, 0, 0],
							"lerp_mode": "catmullrom"
						},
						"1.2917": {
							"post": [-12.5, 0, 0],
							"lerp_mode": "catmullrom"
						},
						"1.4583": {
							"post": [-37.5, 0, 0],
							"lerp_mode": "catmullrom"
						},
						"1.5625": {
							"post": [-37.5, 0, 0],
							"lerp_mode": "catmullrom"
						},
						"1.7292": {
							"post": [-37.5, 0, 0],
							"lerp_mode": "catmullrom"
						},
						"2.125": {
							"post": [-37.5, 0, 0],
							"lerp_mode": "catmullrom"
						},
						"2.2708": {
							"post": [-44.19348, -18.00703, -17.63866],
							"lerp_mode": "catmullrom"
						},
						"2.4167": {
							"post": [-25, 0, 0],
							"lerp_mode": "catmullrom"
						},
						"2.5417": [0, 0, 0],
						"3.0625": [0, 0, 0]
					},
					"position": {
						"0.5417": {
							"pre": [0, 0, 0],
							"post": [0, 0, 0],
							"lerp_mode": "catmullrom"
						},
						"1.0417": {
							"post": [0, -5, 3.5],
							"lerp_mode": "catmullrom"
						},
						"1.1458": {
							"post": [0, -6, 2.5],
							"lerp_mode": "catmullrom"
						},
						"1.2917": {
							"post": [0, -6, 2.5],
							"lerp_mode": "catmullrom"
						},
						"1.4583": {
							"post": [6, -1.25, -6.5],
							"lerp_mode": "catmullrom"
						},
						"1.5625": {
							"post": [7.5, -1.25, -6.5],
							"lerp_mode": "catmullrom"
						},
						"1.7292": {
							"post": [6, -1.25, -6.5],
							"lerp_mode": "catmullrom"
						},
						"2.125": {
							"post": [6, -13.75, -4.75],
							"lerp_mode": "catmullrom"
						},
						"2.4167": {
							"post": [0, -6.75, 1],
							"lerp_mode": "catmullrom"
						},
						"2.5417": [0, -5.5, 3.75],
						"2.7083": [-0.5, -4.54, 3.1],
						"3.0625": [0, 0, 0]
					}
				},
				"mag": {
					"rotation": {
						"1.1458": {
							"pre": [0, 0, 0],
							"post": [0, 0, 0],
							"lerp_mode": "catmullrom"
						},
						"1.4583": {
							"post": [-142.5, -29.75, 0],
							"lerp_mode": "catmullrom"
						},
						"1.625": {
							"post": [-132.40163, -1.93435, 11.67787],
							"lerp_mode": "catmullrom"
						},
						"1.875": {
							"post": [-144.59, 0, 0],
							"lerp_mode": "catmullrom"
						},
						"2.125": {
							"post": [0, 0, 0],
							"lerp_mode": "catmullrom"
						}
					},
					"position": {
						"1.1458": {
							"pre": [0, 0, 0],
							"post": [0, 0, 0],
							"lerp_mode": "catmullrom"
						},
						"1.4583": {
							"post": [0, 0, -0.36],
							"lerp_mode": "catmullrom"
						},
						"1.625": {
							"post": [1.5, 0, -3.8125],
							"lerp_mode": "catmullrom"
						},
						"1.875": {
							"post": [3.25, 0, 0.6875],
							"lerp_mode": "catmullrom"
						},
						"2.125": {
							"post": [0, 0, 0],
							"lerp_mode": "catmullrom"
						}
					}
				},
				"constraint": {
					"rotation": [0.1, 0.1, 0.1],
					"position": [0.1, 0.1, 0.1]
				},
				"camera": {
					"rotation": {
						"0.0": {
							"post": [0, 0, 0],
							"lerp_mode": "catmullrom"
						},
						"0.25": {
							"post": [0, 0, -0.3125],
							"lerp_mode": "catmullrom"
						},
						"0.375": {
							"post": [0, 0, 0.5625],
							"lerp_mode": "catmullrom"
						},
						"0.5": {
							"post": [0, 0, 0],
							"lerp_mode": "catmullrom"
						},
						"0.6042": {
							"post": [0, 0, 1.1875],
							"lerp_mode": "catmullrom"
						},
						"0.6458": {
							"post": [0, 0, -1],
							"lerp_mode": "catmullrom"
						},
						"0.75": {
							"post": [1.875, 0, 0.5],
							"lerp_mode": "catmullrom"
						},
						"0.875": {
							"post": [1.75, 0, 0],
							"lerp_mode": "catmullrom"
						},
						"1.0625": {
							"post": [0, 0, 0],
							"lerp_mode": "catmullrom"
						},
						"1.1458": {
							"post": [0, 0, -0.8125],
							"lerp_mode": "catmullrom"
						},
						"1.1875": {
							"post": [0, 0, 1.625],
							"lerp_mode": "catmullrom"
						},
						"1.25": {
							"post": [0, 0, -1.625],
							"lerp_mode": "catmullrom"
						},
						"1.3333": {
							"post": [0, 0, 0.75],
							"lerp_mode": "catmullrom"
						},
						"1.4375": {
							"post": [0, 0, 0.5625],
							"lerp_mode": "catmullrom"
						},
						"1.5833": {
							"post": [0, -1.9375, -1.75],
							"lerp_mode": "catmullrom"
						},
						"1.6667": {
							"post": [0, -1.4375, -1.25],
							"lerp_mode": "catmullrom"
						},
						"1.75": {
							"post": [0, 0, 0.75],
							"lerp_mode": "catmullrom"
						},
						"1.8333": {
							"post": [0, 0, 0],
							"lerp_mode": "catmullrom"
						},
						"2.2083": {
							"post": [0, 0, 0.05],
							"lerp_mode": "catmullrom"
						},
						"2.3958": {
							"post": [2.0625, 0, 0],
							"lerp_mode": "catmullrom"
						},
						"2.4375": {
							"post": [2.375, 0, -1.0625],
							"lerp_mode": "catmullrom"
						},
						"2.4792": {
							"post": [2.375, 0, 0.625],
							"lerp_mode": "catmullrom"
						},
						"2.5417": {
							"post": [2.375, 0, -1.6875],
							"lerp_mode": "catmullrom"
						},
						"2.6042": {
							"post": [1.875, 0, 0],
							"lerp_mode": "catmullrom"
						},
						"2.6875": {
							"post": [0, 0, 0.9375],
							"lerp_mode": "catmullrom"
						},
						"2.8333": {
							"post": [0, 0, -0.8125],
							"lerp_mode": "catmullrom"
						},
						"3.0625": {
							"post": [0, 0, -0.5],
							"lerp_mode": "catmullrom"
						},
						"3.125": {
							"post": [0, 0, 1.375],
							"lerp_mode": "catmullrom"
						},
						"3.1667": {
							"post": [0, 0, -1.25],
							"lerp_mode": "catmullrom"
						},
						"3.25": {
							"post": [0, 0, 0.4375],
							"lerp_mode": "catmullrom"
						},
						"3.3333": {
							"post": [0, 0, 0.25],
							"lerp_mode": "catmullrom"
						},
						"3.4792": {
							"post": [0, 0, -0.6875],
							"lerp_mode": "catmullrom"
						},
						"3.6667": {
							"post": [2, 1.625, 0],
							"lerp_mode": "catmullrom"
						},
						"3.9167": {
							"post": [-1.1875, 0, 0],
							"lerp_mode": "catmullrom"
						},
						"4.0": {
							"post": [0, 0, 0.625],
							"lerp_mode": "catmullrom"
						},
						"4.1042": {
							"post": [0, 0, -1.1875],
							"lerp_mode": "catmullrom"
						},
						"4.2083": {
							"post": [0, 0, -0.8125],
							"lerp_mode": "catmullrom"
						},
						"4.2917": {
							"post": [0, 0, -0.9375],
							"lerp_mode": "catmullrom"
						},
						"4.3333": {
							"post": [-1.8125, 0, 1.625],
							"lerp_mode": "catmullrom"
						},
						"4.375": {
							"post": [1.5625, 0, -2],
							"lerp_mode": "catmullrom"
						},
						"4.4167": {
							"post": [1.375, 0, 1],
							"lerp_mode": "catmullrom"
						},
						"4.5208": {
							"post": [0, 0, 0],
							"lerp_mode": "catmullrom"
						},
						"4.6042": {
							"post": [0, 0, 0.625],
							"lerp_mode": "catmullrom"
						},
						"4.6875": {
							"post": [0, 0, 0],
							"lerp_mode": "catmullrom"
						}
					}
				}
			},
			"sound_effects": {
				"0.3125": {
					"effect": "hamster:m1879revolver/m1879revolver_draw"
				},
				"0.7083": {
					"effect": "hamster:p08/p08_mag_1"
				},
				"1.25": {
					"effect": "hamster:p08/p08_mag_3"
				},
				"1.9792": {
					"effect": "hamster:p08/p08_handling"
				},
				"2.8333": {
					"effect": "hamster:p08/p08_mag_2"
				},
				"3.8958": {
					"effect": "hamster:p08/p08_bolt_2"
				},
				"4.125": {
					"effect": "hamster:p08/p08_bolt_3"
				},
				"4.2708": {
					"effect": "hamster:m1879revolver/m1879revolver_draw_2"
				}
			}
		},
		"reload_tactical": {
			"loop": "hold_on_last_frame",
			"animation_length": 4.5208,
			"bones": {
				"leftHand": {
					"rotation": {
						"0.0": {
							"post": [90, 0, 0],
							"lerp_mode": "catmullrom"
						},
						"0.5417": {
							"post": [51.90396, 31.88919, -21.41226],
							"lerp_mode": "catmullrom"
						},
						"0.6875": {
							"post": [51.9, 31.89, -21.41],
							"lerp_mode": "catmullrom"
						},
						"0.8333": {
							"post": [49.4, 31.89, -21.41],
							"lerp_mode": "catmullrom"
						},
						"1.6458": {
							"post": [49.4, 31.89, -21.41],
							"lerp_mode": "catmullrom"
						},
						"1.7917": {
							"post": [73.67107, 56.25314, -29.45449],
							"lerp_mode": "catmullrom"
						},
						"2.5417": {
							"post": [108.16331, 27.48672, 1.09403],
							"lerp_mode": "catmullrom"
						},
						"3.75": {
							"post": [66.73806, 59.96186, -0.88504],
							"lerp_mode": "catmullrom"
						},
						"4.3333": {
							"post": [90, 0, 0],
							"lerp_mode": "catmullrom"
						}
					},
					"position": {
						"0.0": {
							"post": [16, -20, 3],
							"lerp_mode": "catmullrom"
						},
						"0.5417": {
							"post": [6.5, -20.75, -3.75],
							"lerp_mode": "catmullrom"
						},
						"0.6875": {
							"post": [6.5, -20.75, -3.75],
							"lerp_mode": "catmullrom"
						},
						"0.8333": {
							"post": [6.5, -20.5, -3.5],
							"lerp_mode": "catmullrom"
						},
						"1.4375": {
							"post": [6.38, -20.21, -3.88],
							"lerp_mode": "catmullrom"
						},
						"1.5417": {
							"post": [7.25, -18.25, -3.5],
							"lerp_mode": "catmullrom"
						},
						"2.5417": {
							"post": [7.25, -18.25, -3.5],
							"lerp_mode": "catmullrom"
						},
						"3.2708": {
							"post": [6.45, -20.75, -4.26],
							"lerp_mode": "catmullrom"
						},
						"3.3958": {
							"post": [6.45, -20.75, -4.26],
							"lerp_mode": "catmullrom"
						},
						"3.75": {
							"post": [6.93, -20.09, -3.72],
							"lerp_mode": "catmullrom"
						},
						"4.3333": {
							"post": [16, -20, 3],
							"lerp_mode": "catmullrom"
						}
					},
					"scale": [1, 1.5, 1]
				},
				"rightHand": {
					"rotation": {
						"0.0": {
							"post": [89.98307, 7.35911, -175.14826],
							"lerp_mode": "catmullrom"
						},
						"0.25": {
							"post": [89.98, 7.36, -175.15],
							"lerp_mode": "catmullrom"
						},
						"0.5": {
							"post": [79.98, 7.36, -175.15],
							"lerp_mode": "catmullrom"
						},
						"3.8125": {
							"post": [79.98, 7.36, -175.15],
							"lerp_mode": "catmullrom"
						},
						"4.0625": {
							"post": [89.98, 7.36, -175.15],
							"lerp_mode": "catmullrom"
						},
						"4.3125": {
							"post": [89.98307, 7.35911, -175.14826],
							"lerp_mode": "catmullrom"
						}
					},
					"position": {
						"0.0": {
							"post": [-6.725, -16.3, -7.025],
							"lerp_mode": "catmullrom"
						},
						"0.5": {
							"post": [-6.72, -16.3, -6.02],
							"lerp_mode": "catmullrom"
						},
						"3.8125": {
							"post": [-6.72, -16.3, -6.02],
							"lerp_mode": "catmullrom"
						},
						"4.3125": {
							"post": [-6.725, -16.3, -7.025],
							"lerp_mode": "catmullrom"
						}
					},
					"scale": [1, 1.5, 1]
				},
				"root": {
					"rotation": {
						"0.0": {
							"post": [0, 0, 0],
							"lerp_mode": "catmullrom"
						},
						"0.25": {
							"post": [-6.48, -11.56, -3.23],
							"lerp_mode": "catmullrom"
						},
						"0.4375": {
							"post": [-17.66013, -45.5486, -12.71588],
							"lerp_mode": "catmullrom"
						},
						"0.6042": {
							"post": [-14.85082, -46.1061, -12.87401],
							"lerp_mode": "catmullrom"
						},
						"0.7083": {
							"post": [-36.3625, -41.8575, -12.97],
							"lerp_mode": "catmullrom"
						},
						"0.7917": {
							"post": [-37.8, -46.15, -13.05],
							"lerp_mode": "catmullrom"
						},
						"0.875": {
							"post": [-41.72, -47.82, -13.17],
							"lerp_mode": "catmullrom"
						},
						"0.9792": {
							"post": [-46.4525, -52.06, -13.26],
							"lerp_mode": "catmullrom"
						},
						"1.1667": {
							"post": [-44.66332, -46.1061, -12.87401],
							"lerp_mode": "catmullrom"
						},
						"1.25": {
							"post": [-29.86, -50.8275, -12.86],
							"lerp_mode": "catmullrom"
						},
						"1.375": {
							"post": [-31.72582, -46.1061, -12.87401],
							"lerp_mode": "catmullrom"
						},
						"1.5": {
							"post": [-22.9425, -46.2, -12.98],
							"lerp_mode": "catmullrom"
						},
						"1.8125": {
							"post": [-15.39, -31.6, -13.69],
							"lerp_mode": "catmullrom"
						},
						"2.2083": {
							"post": [-10.6, -28.7575, -17.22],
							"lerp_mode": "catmullrom"
						},
						"2.625": {
							"post": [6.14, -22.38, -23.455],
							"lerp_mode": "catmullrom"
						},
						"2.8333": {
							"post": [7.98888, -24.55445, -43.84274],
							"lerp_mode": "catmullrom"
						},
						"2.9167": {
							"post": [9.4925, -26.11, -45.905],
							"lerp_mode": "catmullrom"
						},
						"3.0": {
							"post": [-3.425, -20.1975, -41.965],
							"lerp_mode": "catmullrom"
						},
						"3.1458": {
							"post": [9.69436, -21.30674, -48.87499],
							"lerp_mode": "catmullrom"
						},
						"3.25": {
							"post": [8.04, -26.3525, -45.815],
							"lerp_mode": "catmullrom"
						},
						"3.4792": {
							"post": [-18.515, -38.4275, -28.13],
							"lerp_mode": "catmullrom"
						},
						"3.5625": {
							"post": [-12.6025, -32.145, -25.57],
							"lerp_mode": "catmullrom"
						},
						"3.6875": {
							"post": [-18.04, -36.145, -25.57],
							"lerp_mode": "catmullrom"
						},
						"3.8542": {
							"post": [-13.16, -16.7375, -18.6575],
							"lerp_mode": "catmullrom"
						},
						"4.0": {
							"post": [0.83, -10.99, -23.2525],
							"lerp_mode": "catmullrom"
						},
						"4.2083": {
							"post": [0.66, -4.93, -18.26],
							"lerp_mode": "catmullrom"
						},
						"4.3542": {
							"post": [-2.12, -2.27, -4.25],
							"lerp_mode": "catmullrom"
						},
						"4.5208": {
							"post": [0, 0, 0],
							"lerp_mode": "catmullrom"
						}
					},
					"position": {
						"0.0": {
							"post": [0, 0, 0],
							"lerp_mode": "catmullrom"
						},
						"0.1458": {
							"post": [-0.17, -0.435, -0.22],
							"lerp_mode": "catmullrom"
						},
						"0.2708": {
							"post": [-0.45, -0.745, -0.57],
							"lerp_mode": "catmullrom"
						},
						"0.4375": {
							"post": [-1, 2.5, -1.875],
							"lerp_mode": "catmullrom"
						},
						"0.5417": {
							"post": [-1.03, 2.69, -2.2175],
							"lerp_mode": "catmullrom"
						},
						"0.7083": {
							"post": [-1, 1.4375, -2.1875],
							"lerp_mode": "catmullrom"
						},
						"0.8958": {
							"post": [-1, 1.6525, -2.1775],
							"lerp_mode": "catmullrom"
						},
						"1.1458": {
							"post": [-1, 1.9175, -2.1675],
							"lerp_mode": "catmullrom"
						},
						"1.3125": {
							"post": [-1, 3.14, -1.9175],
							"lerp_mode": "catmullrom"
						},
						"1.5": {
							"post": [-1, 2.55, -1.22],
							"lerp_mode": "catmullrom"
						},
						"1.7292": {
							"post": [-1, 2.57, -1.21],
							"lerp_mode": "catmullrom"
						},
						"1.9792": {
							"post": [-1, 1.975, -1.2],
							"lerp_mode": "catmullrom"
						},
						"2.2083": {
							"post": [-1, -0.845, -1.2],
							"lerp_mode": "catmullrom"
						},
						"2.625": {
							"post": [-1, 0.11, -1.19],
							"lerp_mode": "catmullrom"
						},
						"2.8333": {
							"post": [-1, 1.45, -1.17],
							"lerp_mode": "catmullrom"
						},
						"2.9167": {
							"post": [-1, 2.88, -1.16],
							"lerp_mode": "catmullrom"
						},
						"3.0": {
							"post": [-1, 1.665, -1.16],
							"lerp_mode": "catmullrom"
						},
						"3.0833": {
							"post": [-1, 1.505, -1.16],
							"lerp_mode": "catmullrom"
						},
						"3.2917": {
							"post": [-1, 2.415, -1.16],
							"lerp_mode": "catmullrom"
						},
						"3.4792": {
							"post": [-1, 2.5525, -1.16],
							"lerp_mode": "catmullrom"
						},
						"3.6042": {
							"post": [-1, 4.225, -1.17],
							"lerp_mode": "catmullrom"
						},
						"3.7708": {
							"post": [-1, 4.1225, -1.09],
							"lerp_mode": "catmullrom"
						},
						"3.8542": {
							"post": [-1.1875, 3.4375, -1.25],
							"lerp_mode": "catmullrom"
						},
						"3.9792": {
							"post": [-1.4425, 0.7575, -0.84],
							"lerp_mode": "catmullrom"
						},
						"4.1667": {
							"post": [-0.9725, -0.665, 0.4975],
							"lerp_mode": "catmullrom"
						},
						"4.3125": {
							"post": [-0.505, -0.455, 0.45],
							"lerp_mode": "catmullrom"
						},
						"4.4167": {
							"post": [-0.22, -0.02, -0.5],
							"lerp_mode": "catmullrom"
						},
						"4.5208": {
							"post": [0, 0, 0],
							"lerp_mode": "catmullrom"
						}
					}
				},
				"lefthand_and_ammo": {
					"rotation": {
						"0.5417": {
							"pre": [0, 0, 0],
							"post": [0, 0, 0],
							"lerp_mode": "catmullrom"
						},
						"1.0417": {
							"post": [0, 0, 0],
							"lerp_mode": "catmullrom"
						},
						"1.1458": {
							"post": [-12.5, 0, 0],
							"lerp_mode": "catmullrom"
						},
						"1.2917": {
							"post": [-12.5, 0, 0],
							"lerp_mode": "catmullrom"
						},
						"1.5417": {
							"post": [-37.5, 0, 0],
							"lerp_mode": "catmullrom"
						},
						"1.7917": {
							"post": [-37.5, 0, 0],
							"lerp_mode": "catmullrom"
						},
						"2.0": {
							"post": [-37.5, 0, 0],
							"lerp_mode": "catmullrom"
						},
						"2.6875": {
							"post": [-44.19348, -18.00703, -17.63866],
							"lerp_mode": "catmullrom"
						},
						"2.8333": {
							"post": [-25, 0, 0],
							"lerp_mode": "catmullrom"
						},
						"2.9583": [0, 0, 0],
						"3.4792": [0, 0, 0]
					},
					"position": {
						"0.5417": {
							"pre": [0, 0, 0],
							"post": [0, 0, 0],
							"lerp_mode": "catmullrom"
						},
						"1.0417": {
							"post": [0, -5, 3.5],
							"lerp_mode": "catmullrom"
						},
						"1.1458": {
							"post": [0, -6, 2.5],
							"lerp_mode": "catmullrom"
						},
						"1.2917": {
							"post": [0, -6, 2.5],
							"lerp_mode": "catmullrom"
						},
						"1.5417": {
							"post": [6, -1.25, -6.5],
							"lerp_mode": "catmullrom"
						},
						"1.7917": {
							"post": [6, -1.25, -6.5],
							"lerp_mode": "catmullrom"
						},
						"2.0": {
							"post": [6, -13.75, -4.75],
							"lerp_mode": "catmullrom"
						},
						"2.8333": {
							"post": [0, -6.75, 1],
							"lerp_mode": "catmullrom"
						},
						"2.9583": [0, -5.5, 3.75],
						"3.125": [-0.5, -4.54, 3.1],
						"3.4792": [0, 0, 0]
					}
				},
				"mag": {
					"rotation": {
						"1.1458": {
							"pre": [0, 0, 0],
							"post": [0, 0, 0],
							"lerp_mode": "catmullrom"
						},
						"1.5208": {
							"post": [-142.5, -7.5625, 0],
							"lerp_mode": "catmullrom"
						},
						"1.6875": {
							"post": [-143.3325, -1.1875, -2],
							"lerp_mode": "catmullrom"
						},
						"1.7917": {
							"post": [-143.29818, -14.18675, -10.35328],
							"lerp_mode": "catmullrom"
						},
						"2.5417": {
							"post": [0, 0, 0],
							"lerp_mode": "catmullrom"
						}
					}
				},
				"camera": {
					"rotation": {
						"0.0": {
							"post": [0, 0, 0],
							"lerp_mode": "catmullrom"
						},
						"0.25": {
							"post": [0, 0, -0.3125],
							"lerp_mode": "catmullrom"
						},
						"0.375": {
							"post": [0, 0, 0.5625],
							"lerp_mode": "catmullrom"
						},
						"0.5": {
							"post": [0, 0, 0],
							"lerp_mode": "catmullrom"
						},
						"0.6042": {
							"post": [0, 0, 1.1875],
							"lerp_mode": "catmullrom"
						},
						"0.6458": {
							"post": [0, 0, -1],
							"lerp_mode": "catmullrom"
						},
						"0.75": {
							"post": [1.875, 0, 0.5],
							"lerp_mode": "catmullrom"
						},
						"0.875": {
							"post": [1.75, 0, 0],
							"lerp_mode": "catmullrom"
						},
						"1.0625": {
							"post": [0, 0, 0],
							"lerp_mode": "catmullrom"
						},
						"1.1458": {
							"post": [0, 0, -0.8125],
							"lerp_mode": "catmullrom"
						},
						"1.1875": {
							"post": [0, 0, 1.625],
							"lerp_mode": "catmullrom"
						},
						"1.25": {
							"post": [0, 0, -1.625],
							"lerp_mode": "catmullrom"
						},
						"1.3333": {
							"post": [0, 0, 0.75],
							"lerp_mode": "catmullrom"
						},
						"1.4375": {
							"post": [0, 0, 0.5625],
							"lerp_mode": "catmullrom"
						},
						"1.5833": {
							"post": [0, -1.9375, -1.75],
							"lerp_mode": "catmullrom"
						},
						"1.6667": {
							"post": [0, -1.4375, -1.25],
							"lerp_mode": "catmullrom"
						},
						"1.75": {
							"post": [0, 0, 0.75],
							"lerp_mode": "catmullrom"
						},
						"1.875": {
							"post": [0, 0, 0.875],
							"lerp_mode": "catmullrom"
						},
						"2.0417": {
							"post": [2.1175, 0, -0.915],
							"lerp_mode": "catmullrom"
						},
						"2.3125": {
							"post": [0.875, 0, -0.7],
							"lerp_mode": "catmullrom"
						},
						"2.4583": {
							"post": [-0.75, 0, 0.3625],
							"lerp_mode": "catmullrom"
						},
						"2.625": {
							"post": [0, 0, 0.05],
							"lerp_mode": "catmullrom"
						},
						"2.8125": {
							"post": [2.0625, 0, 0],
							"lerp_mode": "catmullrom"
						},
						"2.8542": {
							"post": [2.375, 0, -1.0625],
							"lerp_mode": "catmullrom"
						},
						"2.8958": {
							"post": [2.375, 0, 0.625],
							"lerp_mode": "catmullrom"
						},
						"2.9583": {
							"post": [2.375, 0, -1.6875],
							"lerp_mode": "catmullrom"
						},
						"3.0208": {
							"post": [1.875, 0, 0],
							"lerp_mode": "catmullrom"
						},
						"3.1042": {
							"post": [0, 0, 0.9375],
							"lerp_mode": "catmullrom"
						},
						"3.25": {
							"post": [0, 0, -0.8125],
							"lerp_mode": "catmullrom"
						},
						"3.4792": {
							"post": [0, 0, -0.5],
							"lerp_mode": "catmullrom"
						},
						"3.5417": {
							"post": [0, 0, 1.375],
							"lerp_mode": "catmullrom"
						},
						"3.5833": {
							"post": [0, 0, -1.25],
							"lerp_mode": "catmullrom"
						},
						"3.6667": {
							"post": [0, 0, 0.4375],
							"lerp_mode": "catmullrom"
						},
						"3.75": {
							"post": [0, 0, 0.25],
							"lerp_mode": "catmullrom"
						},
						"3.8958": {
							"post": [0, 0, -0.6875],
							"lerp_mode": "catmullrom"
						},
						"4.0417": {
							"post": [0, 0, 0.05],
							"lerp_mode": "catmullrom"
						},
						"4.25": {
							"post": [0, 0, -0.825],
							"lerp_mode": "catmullrom"
						},
						"4.2917": {
							"post": [0, 0, 0.04],
							"lerp_mode": "catmullrom"
						},
						"4.3542": {
							"post": [0, 0, 0.425],
							"lerp_mode": "catmullrom"
						},
						"4.4792": {
							"post": [0, 0, 0.05],
							"lerp_mode": "catmullrom"
						}
					}
				},
				"constraint": {
					"rotation": [0.1, 0.1, 0.1],
					"position": [0.1, 0.1, 0.1]
				}
			},
			"sound_effects": {
				"0.3125": {
					"effect": "hamster:m1879revolver/m1879revolver_draw"
				},
				"0.7083": {
					"effect": "hamster:p08/p08_mag_1"
				},
				"2.2083": {
					"effect": "hamster:p08/p08_handling"
				},
				"3.2917": {
					"effect": "hamster:p08/p08_mag"
				},
				"4.0625": {
					"effect": "hamster:m1879revolver/m1879revolver_draw_2"
				}
			}
		},
		"inspect": {
			"animation_length": 8.6458,
			"bones": {
				"leftHand": {
					"rotation": {
						"0.0": [90, 0, 0],
						"5.1875": {
							"pre": [90, 0, 0],
							"post": [90, 0, 0],
							"lerp_mode": "catmullrom"
						},
						"5.6042": {
							"post": [61.51399, 19.719, -59.57474],
							"lerp_mode": "catmullrom"
						},
						"5.7708": {
							"post": [61.51399, 19.719, -59.57474],
							"lerp_mode": "catmullrom"
						},
						"6.0": {
							"post": [61.51, 19.72, -59.57],
							"lerp_mode": "catmullrom"
						},
						"7.5": {
							"post": [61.51, 19.72, -59.57],
							"lerp_mode": "catmullrom"
						},
						"7.75": {
							"post": [67.28185, 26.24076, -44.87862],
							"lerp_mode": "catmullrom"
						},
						"8.6458": {
							"post": [90, 0, 0],
							"lerp_mode": "catmullrom"
						}
					},
					"position": {
						"0.0": [16, -20, 3],
						"5.1875": {
							"pre": [16, -20, 3],
							"post": [16, -20, 3],
							"lerp_mode": "catmullrom"
						},
						"5.6042": {
							"post": [7.75, -12.5, -4.5],
							"lerp_mode": "catmullrom"
						},
						"5.7708": {
							"post": [7.75, -12.5, -4.5],
							"lerp_mode": "catmullrom"
						},
						"6.0": {
							"post": [7.75, -11.5, -4],
							"lerp_mode": "catmullrom"
						},
						"7.5": {
							"post": [7.75, -11.5, -4],
							"lerp_mode": "catmullrom"
						},
						"7.75": {
							"post": [8.75, -11.5, -4],
							"lerp_mode": "catmullrom"
						},
						"8.6458": {
							"post": [16, -20, 3],
							"lerp_mode": "catmullrom"
						}
					},
					"scale": {
						"0.0": [1, 1.5, 1],
						"2.5208": [0, 0, 0],
						"5.2917": {
							"pre": [0, 0, 0],
							"post": [1, 1.5, 1]
						}
					}
				},
				"rightHand": {
					"rotation": {
						"0.0": {
							"post": [89.98307, 7.35911, -175.14826],
							"lerp_mode": "catmullrom"
						},
						"0.5": {
							"post": [84.98, 7.36, -175.15],
							"lerp_mode": "catmullrom"
						},
						"7.9792": {
							"post": [84.98, 7.36, -175.15],
							"lerp_mode": "catmullrom"
						},
						"8.4792": {
							"post": [89.98307, 7.35911, -175.14826],
							"lerp_mode": "catmullrom"
						}
					},
					"position": {
						"0.0": {
							"post": [-6.725, -16.3, -7.025],
							"lerp_mode": "catmullrom"
						},
						"0.5": {
							"post": [-8.22, -16.3, -7.02],
							"lerp_mode": "catmullrom"
						},
						"7.9792": {
							"post": [-8.22, -16.3, -7.02],
							"lerp_mode": "catmullrom"
						},
						"8.4792": {
							"post": [-6.725, -16.3, -7.025],
							"lerp_mode": "catmullrom"
						}
					},
					"scale": [1, 1.5, 1]
				},
				"root": {
					"relative_to": {
						"rotation": "entity"
					},
					"rotation": {
						"0.0": {
							"post": [0, 0, 0],
							"lerp_mode": "catmullrom"
						},
						"0.2292": {
							"post": [2.34, -10.74, -4.54],
							"lerp_mode": "catmullrom"
						},
						"0.6458": {
							"post": [10.79627, -59.1738, -25.61883],
							"lerp_mode": "catmullrom"
						},
						"1.9167": {
							"post": [-39.9954, -51.62311, 27.79776],
							"lerp_mode": "catmullrom"
						},
						"2.3333": {
							"post": [-49.1225, -52.67, 29.89],
							"lerp_mode": "catmullrom"
						},
						"2.7292": {
							"post": [-39.9954, -51.62311, 27.79776],
							"lerp_mode": "catmullrom"
						},
						"3.0625": {
							"post": [-44.34, -28.13, 45.84],
							"lerp_mode": "catmullrom"
						},
						"3.375": {
							"post": [-55.24738, 30.83638, 91.13165],
							"lerp_mode": "catmullrom"
						},
						"3.6042": {
							"post": [-56.15, 35.34, 94.61],
							"lerp_mode": "catmullrom"
						},
						"4.0": {
							"post": [-55.24738, 30.83638, 91.13165],
							"lerp_mode": "catmullrom"
						},
						"4.5": {
							"post": [-51.81388, 25.21731, 86.1643],
							"lerp_mode": "catmullrom"
						},
						"5.0": {
							"post": [-51.81388, 25.21731, 86.1643],
							"lerp_mode": "catmullrom"
						},
						"5.6458": {
							"post": [-18.7279, 10.98023, 37.45446],
							"lerp_mode": "catmullrom"
						},
						"6.0625": {
							"post": [-35.24, 10.23, 34.9],
							"lerp_mode": "catmullrom"
						},
						"6.1667": {
							"post": [-35.75, 10.4075, 33.0825],
							"lerp_mode": "catmullrom"
						},
						"6.2708": {
							"post": [-35.72, 5.785, 36.37],
							"lerp_mode": "catmullrom"
						},
						"6.5625": {
							"post": [-47.96139, 17.70146, 23.68594],
							"lerp_mode": "catmullrom"
						},
						"6.9792": {
							"post": [-47.96139, 17.70146, 23.68594],
							"lerp_mode": "catmullrom"
						},
						"7.4792": {
							"post": [-28.73, 10.98, 37.45],
							"lerp_mode": "catmullrom"
						},
						"7.5833": {
							"post": [-27.2925, 11.07, 37.67],
							"lerp_mode": "catmullrom"
						},
						"7.7083": {
							"post": [-1.6975, 9.92, 33.85],
							"lerp_mode": "catmullrom"
						},
						"7.8125": {
							"post": [-1.43, 3.16, 34.1525],
							"lerp_mode": "catmullrom"
						},
						"7.9583": {
							"post": [-5.03, 7.9275, 18.19],
							"lerp_mode": "catmullrom"
						},
						"8.2083": {
							"post": [-0.61, 2.25, 8.92],
							"lerp_mode": "catmullrom"
						},
						"8.5": {
							"post": [0, 0, 0],
							"lerp_mode": "catmullrom"
						}
					},
					"position": {
						"0.0": {
							"post": [0, 0, 0],
							"lerp_mode": "catmullrom"
						},
						"0.2917": {
							"post": [0.36, -0.1325, 0.13],
							"lerp_mode": "catmullrom"
						},
						"0.4583": {
							"post": [1.14, 0.2575, 0.43],
							"lerp_mode": "catmullrom"
						},
						"0.6458": {
							"post": [2, 1.625, 0.75],
							"lerp_mode": "catmullrom"
						},
						"0.875": {
							"post": [2.54, 1.7375, 0.76],
							"lerp_mode": "catmullrom"
						},
						"1.2083": {
							"post": [2.54, 1.745, 0.76],
							"lerp_mode": "catmullrom"
						},
						"1.5417": {
							"post": [2.53, 1.4325, 1.0725],
							"lerp_mode": "catmullrom"
						},
						"2.0833": {
							"post": [2.52, 1.1275, 1.2275],
							"lerp_mode": "catmullrom"
						},
						"2.3542": {
							"post": [2.51, 1.665, 1.2875],
							"lerp_mode": "catmullrom"
						},
						"2.7292": {
							"post": [2.5, 1.625, 0.75],
							"lerp_mode": "catmullrom"
						},
						"3.0417": {
							"post": [2.5, 0.375, 0.1875],
							"lerp_mode": "catmullrom"
						},
						"3.4375": {
							"post": [2.5, 0.5625, 0.75],
							"lerp_mode": "catmullrom"
						},
						"3.6875": {
							"post": [2.54, 1.53, 0.91],
							"lerp_mode": "catmullrom"
						},
						"4.0": {
							"post": [2.5, 2.0625, 1],
							"lerp_mode": "catmullrom"
						},
						"4.5": {
							"post": [1.31, 2.0625, 0.75],
							"lerp_mode": "catmullrom"
						},
						"5.0": {
							"post": [1.31, 2.25, 0.75],
							"lerp_mode": "catmullrom"
						},
						"5.6458": {
							"post": [0.31, -0.625, -1.5625],
							"lerp_mode": "catmullrom"
						},
						"6.0208": {
							"post": [0.25, 0.12, -1.775],
							"lerp_mode": "catmullrom"
						},
						"6.2708": {
							"post": [0.27, 0.22, -0.3475],
							"lerp_mode": "catmullrom"
						},
						"6.5625": {
							"post": [0.29, 0.24, -0.7225],
							"lerp_mode": "catmullrom"
						},
						"6.9792": {
							"post": [0.29, 0.24, -0.5975],
							"lerp_mode": "catmullrom"
						},
						"7.4167": {
							"post": [0.3, 0.25, -1.08],
							"lerp_mode": "catmullrom"
						},
						"7.625": {
							"post": [0.28, -0.145, -0.8475],
							"lerp_mode": "catmullrom"
						},
						"7.7083": {
							"post": [0.26, -0.9275, -1.9325],
							"lerp_mode": "catmullrom"
						},
						"7.8125": {
							"post": [0.23, -0.81, -1.845],
							"lerp_mode": "catmullrom"
						},
						"8.0833": {
							"post": [-0.08, -0.61, 0.185],
							"lerp_mode": "catmullrom"
						},
						"8.3125": {
							"post": [-0.68, 0.025, 0.19],
							"lerp_mode": "catmullrom"
						},
						"8.5625": {
							"post": [0, 0, 0],
							"lerp_mode": "catmullrom"
						}
					}
				},
				"bullet": {
					"position": {
						"0.0": [0, 0, 0],
						"3.9792": [0, 0, -2],
						"5.7708": [0, 0, -2],
						"6.0625": [0, 0, -1],
						"7.5": [0, 0, -1],
						"7.6458": [0, 0, -2]
					}
				},
				"upper": {
					"position": {
						"5.75": [0, 0, 0],
						"5.8333": [0, 0, 0.25],
						"7.5833": [0, 0, 0.25],
						"7.625": [0, 0, 0]
					}
				},
				"part3": {
					"rotation": {
						"5.8333": [0, 0, 0],
						"6.0625": [-45, 0, 0],
						"7.5": [-45, 0, 0],
						"7.5833": [0, 0, 0]
					}
				},
				"part1": {
					"position": {
						"0.0": [0, 0, 0],
						"5.8333": [0, 0, 0],
						"6.0625": [0, 0, 0.75],
						"7.5": [0, 0, 0.75],
						"7.5833": [0, 0, 0]
					}
				},
				"part2": {
					"rotation": {
						"5.8333": [0, 0, 0],
						"5.9792": [24.77, 0, 0],
						"6.0625": [35, 0, 0],
						"7.5": [35, 0, 0],
						"7.5417": [24.77, 0, 0],
						"7.5833": [0, 0, 0]
					}
				},
				"camera": {
					"rotation": {
						"0.0": {
							"post": [0, 0, 0],
							"lerp_mode": "catmullrom"
						},
						"0.5208": {
							"post": [0, 0, 0],
							"lerp_mode": "catmullrom"
						},
						"0.6042": {
							"post": [0, 0, 0.875],
							"lerp_mode": "catmullrom"
						},
						"0.6875": {
							"post": [0, 0, -0.375],
							"lerp_mode": "catmullrom"
						},
						"0.8333": {
							"post": [0, 0, 0],
							"lerp_mode": "catmullrom"
						},
						"1.2292": {
							"post": [0, 4.6875, 0.02],
							"lerp_mode": "catmullrom"
						},
						"1.6042": {
							"post": [-0.76, 3.65, 0.02],
							"lerp_mode": "catmullrom"
						},
						"2.0625": {
							"post": [-6.5, -6.75, 0],
							"lerp_mode": "catmullrom"
						},
						"2.5625": {
							"post": [-5.91, -6.42, -0.01],
							"lerp_mode": "catmullrom"
						},
						"2.8333": {
							"post": [-1.75, -2.9375, 0],
							"lerp_mode": "catmullrom"
						},
						"2.9792": {
							"post": [-0.5, -1.3125, 0.25],
							"lerp_mode": "catmullrom"
						},
						"3.1667": {
							"post": [0, -0.375, -0.3125],
							"lerp_mode": "catmullrom"
						},
						"3.3333": {
							"post": [0, 0, 0],
							"lerp_mode": "catmullrom"
						},
						"3.4375": {
							"post": [1.375, 0, 1.1875],
							"lerp_mode": "catmullrom"
						},
						"3.5417": {
							"post": [3.0625, 0, -0.5],
							"lerp_mode": "catmullrom"
						},
						"3.625": {
							"post": [3.6875, 0, 0.3125],
							"lerp_mode": "catmullrom"
						},
						"3.7083": {
							"post": [4, 0, 0.3125],
							"lerp_mode": "catmullrom"
						},
						"3.8125": {
							"post": [4.1875, 0, 0],
							"lerp_mode": "catmullrom"
						},
						"4.1667": {
							"post": [4.375, 0, -0.03],
							"lerp_mode": "catmullrom"
						},
						"4.75": {
							"post": [4.0625, 0, 0],
							"lerp_mode": "catmullrom"
						},
						"5.3542": {
							"post": [2.875, 0, 0],
							"lerp_mode": "catmullrom"
						},
						"5.625": {
							"post": [0.4375, 0, -0.625],
							"lerp_mode": "catmullrom"
						},
						"5.75": {
							"post": [0, 0, 0.5625],
							"lerp_mode": "catmullrom"
						},
						"6.0625": {
							"post": [0, 0, 0.5625],
							"lerp_mode": "catmullrom"
						},
						"6.2083": {
							"post": [0, 0, -0.4375],
							"lerp_mode": "catmullrom"
						},
						"6.2917": {
							"post": [0, 0, 0.5625],
							"lerp_mode": "catmullrom"
						},
						"6.375": {
							"post": [0, 0, -0.375],
							"lerp_mode": "catmullrom"
						},
						"6.5208": {
							"post": [0, 0, 0],
							"lerp_mode": "catmullrom"
						},
						"6.8333": {
							"post": [2.8125, 0, 0.05],
							"lerp_mode": "catmullrom"
						},
						"7.125": {
							"post": [2.5975, 0, 0.06],
							"lerp_mode": "catmullrom"
						},
						"7.2917": {
							"post": [0, 0, 0],
							"lerp_mode": "catmullrom"
						},
						"7.4583": {
							"post": [0, 0, -0.4375],
							"lerp_mode": "catmullrom"
						},
						"7.5417": {
							"post": [0, 0, -0.4375],
							"lerp_mode": "catmullrom"
						},
						"7.6042": {
							"post": [0, 0, -1.0625],
							"lerp_mode": "catmullrom"
						},
						"7.6458": {
							"post": [0, 0, 1.3125],
							"lerp_mode": "catmullrom"
						},
						"7.7083": {
							"post": [0, 0, -0.625],
							"lerp_mode": "catmullrom"
						},
						"7.8542": {
							"post": [0, 0, 0.1875],
							"lerp_mode": "catmullrom"
						},
						"8.1875": {
							"post": [0, 0, 0.375],
							"lerp_mode": "catmullrom"
						},
						"8.2917": {
							"post": [0, 0, -0.5625],
							"lerp_mode": "catmullrom"
						},
						"8.375": {
							"post": [0, 0, 0],
							"lerp_mode": "catmullrom"
						}
					}
				},
				"constraint": {
					"rotation": [0.1, 0.1, 0.1],
					"position": [0.1, 0.1, 0.1]
				}
			},
			"sound_effects": {
				"0.7292": {
					"effect": "hamster:m1879revolver/m1879revolver_draw_1"
				},
				"3.75": {
					"effect": "hamster:m1879revolver/m1879revolver_draw"
				},
				"5.5": {
					"effect": "hamster:p08/p08_bolt_1"
				},
				"7.4792": {
					"effect": "hamster:p08/p08_bolt_3"
				},
				"8.1458": {
					"effect": "hamster:m1879revolver/m1879revolver_draw_2"
				}
			}
		},
		"inspect_empty": {
			"animation_length": 8.6458,
			"bones": {
				"leftHand": {
					"rotation": [90, 0, 0],
					"position": [16, -20, 3],
					"scale": {
						"0.0": [1, 1.5, 1],
						"2.5208": [0, 0, 0],
						"5.2917": {"pre": [0, 0, 0], "post": [1, 1.5, 1]}
					}
				},
				"rightHand": {
					"rotation": {
						"0.0": {
							"post": [89.98307, 7.35911, -175.14826],
							"lerp_mode": "catmullrom"
						},
						"0.5": {
							"post": [84.98, 7.36, -175.15],
							"lerp_mode": "catmullrom"
						},
						"7.9792": {
							"post": [84.98, 7.36, -175.15],
							"lerp_mode": "catmullrom"
						},
						"8.4792": {
							"post": [89.98307, 7.35911, -175.14826],
							"lerp_mode": "catmullrom"
						}
					},
					"position": {
						"0.0": {
							"post": [-6.725, -16.3, -7.025],
							"lerp_mode": "catmullrom"
						},
						"0.5": {
							"post": [-8.22, -16.3, -7.02],
							"lerp_mode": "catmullrom"
						},
						"7.9792": {
							"post": [-8.22, -16.3, -7.02],
							"lerp_mode": "catmullrom"
						},
						"8.4792": {
							"post": [-6.725, -16.3, -7.025],
							"lerp_mode": "catmullrom"
						}
					},
					"scale": [1, 1.5, 1]
				},
				"root": {
					"relative_to": {
						"rotation": "entity"
					},
					"rotation": {
						"0.0": {
							"post": [0, 0, 0],
							"lerp_mode": "catmullrom"
						},
						"0.2292": {
							"post": [2.34, -10.74, -4.54],
							"lerp_mode": "catmullrom"
						},
						"0.6458": {
							"post": [10.79627, -59.1738, -25.61883],
							"lerp_mode": "catmullrom"
						},
						"1.9167": {
							"post": [-39.9954, -51.62311, 27.79776],
							"lerp_mode": "catmullrom"
						},
						"2.3333": {
							"post": [-49.1225, -52.67, 29.89],
							"lerp_mode": "catmullrom"
						},
						"2.7292": {
							"post": [-39.9954, -51.62311, 27.79776],
							"lerp_mode": "catmullrom"
						},
						"3.0625": {
							"post": [-44.34, -28.13, 45.84],
							"lerp_mode": "catmullrom"
						},
						"3.375": {
							"post": [-55.24738, 30.83638, 91.13165],
							"lerp_mode": "catmullrom"
						},
						"3.6042": {
							"post": [-56.15, 35.34, 94.61],
							"lerp_mode": "catmullrom"
						},
						"4.0": {
							"post": [-55.24738, 30.83638, 91.13165],
							"lerp_mode": "catmullrom"
						},
						"4.5": {
							"post": [-51.81388, 25.21731, 86.1643],
							"lerp_mode": "catmullrom"
						},
						"5.0": {
							"post": [-51.81388, 25.21731, 86.1643],
							"lerp_mode": "catmullrom"
						},
						"5.6458": {
							"post": [-18.7279, 10.98023, 37.45446],
							"lerp_mode": "catmullrom"
						},
						"6.5625": {
							"post": [-47.96139, 17.70146, 23.68594],
							"lerp_mode": "catmullrom"
						},
						"6.9792": {
							"post": [-47.96139, 17.70146, 23.68594],
							"lerp_mode": "catmullrom"
						},
						"7.4792": {
							"post": [-28.73, 10.98, 37.45],
							"lerp_mode": "catmullrom"
						},
						"7.9583": {
							"post": [-5.03, 7.9275, 18.19],
							"lerp_mode": "catmullrom"
						},
						"8.2083": {
							"post": [-0.61, 2.25, 8.92],
							"lerp_mode": "catmullrom"
						},
						"8.5": {
							"post": [0, 0, 0],
							"lerp_mode": "catmullrom"
						}
					},
					"position": {
						"0.0": {
							"post": [0, 0, 0],
							"lerp_mode": "catmullrom"
						},
						"0.2917": {
							"post": [0.36, -0.1325, 0.13],
							"lerp_mode": "catmullrom"
						},
						"0.4583": {
							"post": [1.14, 0.2575, 0.43],
							"lerp_mode": "catmullrom"
						},
						"0.6458": {
							"post": [2, 1.625, 0.75],
							"lerp_mode": "catmullrom"
						},
						"0.875": {
							"post": [2.54, 1.7375, 0.76],
							"lerp_mode": "catmullrom"
						},
						"1.2083": {
							"post": [2.54, 1.745, 0.76],
							"lerp_mode": "catmullrom"
						},
						"1.5417": {
							"post": [2.53, 1.4325, 1.0725],
							"lerp_mode": "catmullrom"
						},
						"2.0833": {
							"post": [2.52, 1.1275, 1.2275],
							"lerp_mode": "catmullrom"
						},
						"2.3542": {
							"post": [2.51, 1.665, 1.2875],
							"lerp_mode": "catmullrom"
						},
						"2.7292": {
							"post": [2.5, 1.625, 0.75],
							"lerp_mode": "catmullrom"
						},
						"3.0417": {
							"post": [2.5, 0.375, 0.1875],
							"lerp_mode": "catmullrom"
						},
						"3.4375": {
							"post": [2.5, 0.5625, 0.75],
							"lerp_mode": "catmullrom"
						},
						"3.6875": {
							"post": [2.54, 1.53, 0.91],
							"lerp_mode": "catmullrom"
						},
						"4.0": {
							"post": [2.5, 2.0625, 1],
							"lerp_mode": "catmullrom"
						},
						"4.5": {
							"post": [1.31, 2.0625, 0.75],
							"lerp_mode": "catmullrom"
						},
						"5.0": {
							"post": [1.31, 2.25, 0.75],
							"lerp_mode": "catmullrom"
						},
						"5.6458": {
							"post": [0.31, -0.625, -1.5625],
							"lerp_mode": "catmullrom"
						},
						"6.0208": {
							"post": [0.25, 0.12, -1.775],
							"lerp_mode": "catmullrom"
						},
						"6.5625": {
							"post": [0.29, 0.24, -0.7225],
							"lerp_mode": "catmullrom"
						},
						"6.9792": {
							"post": [0.29, 0.24, -0.5975],
							"lerp_mode": "catmullrom"
						},
						"7.4167": {
							"post": [0.3, 0.25, -1.08],
							"lerp_mode": "catmullrom"
						},
						"7.8125": {
							"post": [0.23, -0.81, -1.845],
							"lerp_mode": "catmullrom"
						},
						"8.0833": {
							"post": [-0.08, -0.61, 0.185],
							"lerp_mode": "catmullrom"
						},
						"8.3125": {
							"post": [-0.68, 0.025, 0.19],
							"lerp_mode": "catmullrom"
						},
						"8.5625": {
							"post": [0, 0, 0],
							"lerp_mode": "catmullrom"
						}
					}
				},
				"bullet": {
					"position": [0, 0, 0],
					"scale": 0
				},
				"upper": {
					"position": [0, 0, 0.25]
				},
				"part3": {
					"rotation": [-77.5, 0, 0]
				},
				"part1": {
					"position": [0, 0, 1.75]
				},
				"part2": {
					"rotation": [42.5, 0, 0]
				},
				"camera": {
					"rotation": {
						"0.0": {
							"post": [0, 0, 0],
							"lerp_mode": "catmullrom"
						},
						"0.5208": {
							"post": [0, 0, 0],
							"lerp_mode": "catmullrom"
						},
						"0.6042": {
							"post": [0, 0, 0.875],
							"lerp_mode": "catmullrom"
						},
						"0.6875": {
							"post": [0, 0, -0.375],
							"lerp_mode": "catmullrom"
						},
						"0.8333": {
							"post": [0, 0, 0],
							"lerp_mode": "catmullrom"
						},
						"1.2292": {
							"post": [0, 4.6875, 0.02],
							"lerp_mode": "catmullrom"
						},
						"1.6042": {
							"post": [-0.76, 3.65, 0.02],
							"lerp_mode": "catmullrom"
						},
						"2.0625": {
							"post": [-6.5, -6.75, 0],
							"lerp_mode": "catmullrom"
						},
						"2.5625": {
							"post": [-5.91, -6.42, -0.01],
							"lerp_mode": "catmullrom"
						},
						"2.8333": {
							"post": [-1.75, -2.9375, 0],
							"lerp_mode": "catmullrom"
						},
						"2.9792": {
							"post": [-0.5, -1.3125, 0.25],
							"lerp_mode": "catmullrom"
						},
						"3.1667": {
							"post": [0, -0.375, -0.3125],
							"lerp_mode": "catmullrom"
						},
						"3.3333": {
							"post": [0, 0, 0],
							"lerp_mode": "catmullrom"
						},
						"3.4375": {
							"post": [1.375, 0, 1.1875],
							"lerp_mode": "catmullrom"
						},
						"3.5417": {
							"post": [3.0625, 0, -0.5],
							"lerp_mode": "catmullrom"
						},
						"3.625": {
							"post": [3.6875, 0, 0.3125],
							"lerp_mode": "catmullrom"
						},
						"3.7083": {
							"post": [4, 0, 0.3125],
							"lerp_mode": "catmullrom"
						},
						"3.8125": {
							"post": [4.1875, 0, 0],
							"lerp_mode": "catmullrom"
						},
						"4.1667": {
							"post": [4.375, 0, -0.03],
							"lerp_mode": "catmullrom"
						},
						"4.75": {
							"post": [4.0625, 0, 0],
							"lerp_mode": "catmullrom"
						},
						"5.3542": {
							"post": [2.875, 0, 0],
							"lerp_mode": "catmullrom"
						},
						"5.625": {
							"post": [0.4375, 0, -0.625],
							"lerp_mode": "catmullrom"
						},
						"5.75": {
							"post": [0, 0, 0.5625],
							"lerp_mode": "catmullrom"
						},
						"6.0625": {
							"post": [0, 0, 0.5625],
							"lerp_mode": "catmullrom"
						},
						"6.2083": {
							"post": [0, 0, 0.375],
							"lerp_mode": "catmullrom"
						},
						"6.2917": {
							"post": [0, 0, 0.25],
							"lerp_mode": "catmullrom"
						},
						"6.375": {
							"post": [0, 0, -0.375],
							"lerp_mode": "catmullrom"
						},
						"6.5208": {
							"post": [0, 0, 0],
							"lerp_mode": "catmullrom"
						},
						"6.8333": {
							"post": [2.8125, 0, 0.05],
							"lerp_mode": "catmullrom"
						},
						"7.125": {
							"post": [2.5975, 0, 0.06],
							"lerp_mode": "catmullrom"
						},
						"7.2917": {
							"post": [0, 0, 0],
							"lerp_mode": "catmullrom"
						},
						"7.6667": {
							"post": [0, 0, 0],
							"lerp_mode": "catmullrom"
						},
						"7.7708": {
							"post": [0, 0, -1],
							"lerp_mode": "catmullrom"
						},
						"7.8333": {
							"post": [0, 0, 0.75],
							"lerp_mode": "catmullrom"
						},
						"7.9792": {
							"post": [0, 0, 0],
							"lerp_mode": "catmullrom"
						},
						"8.1875": {
							"post": [0, 0, 0.375],
							"lerp_mode": "catmullrom"
						},
						"8.2917": {
							"post": [0, 0, -0.5625],
							"lerp_mode": "catmullrom"
						},
						"8.375": {
							"post": [0, 0, 0],
							"lerp_mode": "catmullrom"
						}
					}
				},
				"constraint": {
					"rotation": [0.1, 0.1, 0.1],
					"position": [0.1, 0.1, 0.1]
				}
			},
			"sound_effects": {
				"0.7292": {
					"effect": "hamster:m1879revolver/m1879revolver_draw_1"
				},
				"3.75": {
					"effect": "hamster:m1879revolver/m1879revolver_draw"
				},
				"8.1458": {
					"effect": "hamster:m1879revolver/m1879revolver_draw_2"
				}
			}
		}
	}
}